alpha,pair,method_A,method_B,k,n,winrate_A,wilson_lo,wilson_hi,p_value,p_holm,significant_0.05_holm
0,diffusart_vs_painttorch,diffusart,painttorch,95,240,0.3958333333333333,0.33607109972456106,0.45887775231709205,0.0015088543665791028,0.006035417466316411,True
1,diffusart_vs_painttorch,diffusart,painttorch,194,240,0.8083333333333333,0.7538324872699528,0.8531189106867535,8.218942403666564e-23,7.397048163299907e-22,True
3,diffusart_vs_painttorch,diffusart,painttorch,199,240,0.8291666666666667,0.7764570764446659,0.8715045511037098,4.382468369509341e-26,4.382468369509342e-25,True
5,diffusart_vs_painttorch,diffusart,painttorch,211,240,0.8791666666666667,0.8318491096433814,0.9145370689250006,2.699366367968259e-35,4.049049551952388e-34,True
10,diffusart_vs_painttorch,diffusart,painttorch,210,240,0.875,0.8271629475389599,0.9110211851110883,1.9103641781151114e-34,2.483473431549645e-33,True
25,diffusart_vs_painttorch,diffusart,painttorch,211,240,0.8791666666666667,0.8318491096433814,0.9145370689250006,2.699366367968259e-35,4.049049551952388e-34,True
50,diffusart_vs_painttorch,diffusart,painttorch,208,240,0.8666666666666667,0.8178332153308512,0.9039468254825294,8.560193460767e-33,1.02722321529204e-31,True
100,diffusart_vs_painttorch,diffusart,painttorch,192,240,0.8,0.7448449239129669,0.8457023822070717,1.3869362755418005e-21,1.1095490204334404e-20,True
0,diffusart_vs_proposed,diffusart,proposed,131,240,0.5458333333333333,0.48261286472008824,0.6076096403815843,0.17511918629777776,0.17511918629777776,False
1,diffusart_vs_proposed,diffusart,proposed,142,240,0.5916666666666667,0.5285108645804661,0.6519341456228789,0.005399626721711426,0.01619888016513428,True
3,diffusart_vs_proposed,diffusart,proposed,85,240,0.3541666666666667,0.2963905360670909,0.4165378567912236,7.3266497187222815e-06,3.663324859361141e-05,True
5,diffusart_vs_proposed,diffusart,proposed,58,240,0.24166666666666667,0.1918497206713789,0.2996234323919212,4.313319602411003e-16,3.019323721687702e-15,True
10,diffusart_vs_proposed,diffusart,proposed,33,240,0.1375,0.09961054871463783,0.1868114563903156,5.430695505656242e-32,5.9737650562218655e-31,True
25,diffusart_vs_proposed,diffusart,proposed,16,240,0.06666666666666667,0.041448541622887115,0.10553868287039048,4.231370343341126e-48,7.616466618014026e-47,True
50,diffusart_vs_proposed,diffusart,proposed,9,240,0.0375,0.019851917405050365,0.06972098565989014,7.3645244150826e-57,1.47290488301652e-55,True
100,diffusart_vs_proposed,diffusart,proposed,8,240,0.03333333333333333,0.016985260309156956,0.0643855968374497,2.8438062670845893e-58,5.971993160877638e-57,True
0,painttorch_vs_proposed,painttorch,proposed,141,240,0.5875,0.5243161227556644,0.6479268415293468,0.007998990039539756,0.01619888016513428,True
1,painttorch_vs_proposed,painttorch,proposed,82,240,0.3416666666666667,0.28458018698925336,0.40374206811405955,1.0589918517415495e-06,6.353951110449297e-06,True
3,painttorch_vs_proposed,painttorch,proposed,20,240,0.08333333333333333,0.05459106258101232,0.12520434558560076,9.106916946901511e-44,1.4571067115042418e-42,True
5,painttorch_vs_proposed,painttorch,proposed,16,240,0.06666666666666667,0.041448541622887115,0.10553868287039048,4.231370343341126e-48,7.616466618014026e-47,True
10,painttorch_vs_proposed,painttorch,proposed,9,240,0.0375,0.019851917405050365,0.06972098565989014,7.3645244150826e-57,1.47290488301652e-55,True
25,painttorch_vs_proposed,painttorch,proposed,5,240,0.020833333333333332,0.008930664388657018,0.04783405500294802,7.357923295772422e-63,1.618743125069933e-61,True
50,painttorch_vs_proposed,painttorch,proposed,3,240,0.0125,0.004259990188158945,0.036100637366778356,2.6082630986389487e-66,6.259831436733477e-65,True
100,painttorch_vs_proposed,painttorch,proposed,3,240,0.0125,0.004259990188158945,0.036100637366778356,2.6082630986389487e-66,6.259831436733477e-65,True
