grid,method,auc
paper_front_loaded,proposed,0.9477916666666666
paper_front_loaded,painttorch,0.089
paper_front_loaded,diffusart,0.46320833333333333
uniform_index,proposed,0.8156249999999999
uniform_index,painttorch,0.1519345238095238
uniform_index,diffusart,0.5324404761904762
uniform_linear_0_to_1_step_0.05,proposed,0.9455208333333333
uniform_linear_0_to_1_step_0.05,painttorch,0.09578125
uniform_linear_0_to_1_step_0.05,diffusart,0.45869791666666665
log_spaced,proposed,0.9474707971180811
log_spaced,painttorch,0.08915807865377129
log_spaced,diffusart,0.46337112422814764
back_loaded,proposed,0.903125
back_loaded,painttorch,0.14609375
back_loaded,diffusart,0.45078125
uniform_linear_0_to_1_step_0.1,proposed,0.9366041666666666
uniform_linear_0_to_1_step_0.1,painttorch,0.10811805555555555
uniform_linear_0_to_1_step_0.1,diffusart,0.4552777777777778
dense_low,proposed,0.7820833333333332
dense_low,painttorch,0.14833333333333332
dense_low,diffusart,0.5695833333333333
