image,alpha,paper_px,iou_slic100,contain_slic100,iou_slic300,contain_slic300,iou_felzen_scale200,contain_felzen_scale200,iou_felzen_scale400,contain_felzen_scale400,iou_watershed,contain_watershed
1012026,1,1968,0.00024962556165751375,0.0005081300813008131,0.0,0.0,0.0,0.0,0.0,0.0,0.0373625956372335,1.0
1012026,3,4800,0.07330581008961837,0.15166666666666667,0.039932210570914096,0.07854166666666666,0.0002661166921695163,0.0016666666666666668,0.0002650937769235867,0.0016666666666666668,0.09112828204203292,1.0
1012026,5,6400,0.08702134337727559,0.17328125,0.09307144041107243,0.17546875,0.001232967658309886,0.00609375,0.00126000126000126,0.00625,0.12150437605604389,1.0
1012026,10,9136,0.1301819438046983,0.24748248686514887,0.12093051142154805,0.22077495621716287,0.0011930743489014985,0.004487740805604203,0.001247135937817222,0.004706654991243432,0.17344749682000266,1.0
1012026,25,14592,0.211864406779661,0.3632127192982456,0.23353716876741962,0.3847313596491228,0.0015577889447236182,0.00424890350877193,0.0016285420790218726,0.004454495614035088,0.27702997740778007,1.0
1012026,50,19792,0.26018392693486714,0.41597615198059823,0.31711292200232827,0.4817097817299919,0.0020235262724867136,0.0045978172999191595,0.0023073168567244976,0.005254648342764754,0.37575228295331575,1.0
1012026,100,24400,0.2907479747266864,0.4545081967213115,0.41669322362893646,0.5894672131147541,0.0019769224562252883,0.0040163934426229505,0.00227487770015904,0.004631147540983606,0.4632354337136673,1.0
1017023,1,3408,0.014890915387279234,0.037852112676056336,0.0,0.0,0.08119925046845722,0.22887323943661972,0.020495710200190656,0.07570422535211267,0.050004260758415,0.8609154929577465
1017023,3,6848,0.009692720148484223,0.020589953271028038,0.034372035320732686,0.06877920560747663,0.11016540870403084,0.2003504672897196,0.029846971038320475,0.0689252336448598,0.09594972537655423,0.8316296728971962
1017023,5,9136,0.029464950537176897,0.06063922942206655,0.06338307893094251,0.12226357267950963,0.16473029045643153,0.3476357267950963,0.04184428988108593,0.08165499124343258,0.12911447591260458,0.8428196147110333
1017023,10,13424,0.07887280208050304,0.15137067938021453,0.07680082641344511,0.1439958283671037,0.19382292910232218,0.3749255065554231,0.15062213490504256,0.29126936829558997,0.18580510579119897,0.8360399284862932
1017023,25,21120,0.19525461357014015,0.3331439393939394,0.18520070393027738,0.31392045454545453,0.23916474102462942,0.4018465909090909,0.2316017918254918,0.39412878787878786,0.29821603927986906,0.8627367424242425
1017023,50,28672,0.30119704521181917,0.47213309151785715,0.26421632053334504,0.42020089285714285,0.2961757346265418,0.4664829799107143,0.30144888948057424,0.47384207589285715,0.4060304923445441,0.8749651227678571
1017023,100,36960,0.427181842745204,0.5988636363636364,0.3825192706097538,0.5545183982683982,0.3733655274888559,0.5438852813852814,0.3896790224183649,0.5685876623376623,0.5190517998244074,0.8797619047619047
1027025,1,1344,0.06354060482500849,0.13913690476190477,0.0,0.0,7.911705368092092e-05,0.001488095238095238,0.0,0.0,0.021924304605563154,0.8943452380952381
1027025,3,3584,0.046831955922865015,0.10435267857142858,0.04366438356164384,0.08537946428571429,7.267705948617318e-05,0.0005580357142857143,0.0,0.0,0.06278157774737803,0.9603794642857143
1027025,5,5328,0.04941648431801605,0.10172672672672672,0.0703953712632594,0.13701201201201202,6.834569251272938e-05,0.00037537537537537537,0.0,0.0,0.09459188326493388,0.9733483483483484
1027025,10,7440,0.07393051966695377,0.13844086021505375,0.09553908747457135,0.176747311827957,0.00031880638888003314,0.0013440860215053765,0.00028462097972866134,0.0012096774193548388,0.13311445508435932,0.9809139784946237
1027025,25,10480,0.13973684210526316,0.25333969465648853,0.14376012965964344,0.253912213740458,0.0003778630391814905,0.0012404580152671756,0.0005483247236731985,0.0018129770992366412,0.18856361149110806,0.9864503816793894
1027025,50,12832,0.1620734034527138,0.2846009975062344,0.1929695745950163,0.32769638403990026,0.0003809005577472453,0.0010910224438902742,0.0005405113237122317,0.0015586034912718205,0.2311044656370234,0.9876870324189526
1027025,100,17440,0.2624361008284858,0.4268348623853211,0.30670736246556984,0.4724770642201835,0.00036265170929838985,0.0008600917431192661,0.000552791597567717,0.0013188073394495414,0.31443411700382723,0.9892775229357799
1027028,1,2256,0.022043099193946373,0.05939716312056738,0.0,0.0,0.0,0.0,0.02490123308990782,0.09219858156028368,0.02927596031044307,0.7925531914893617
1027028,3,4576,0.02106327407532227,0.054632867132867136,0.02166907434159351,0.04261363636363636,0.03925460359466314,0.0777972027972028,0.026993865030674847,0.0625,0.06372701013430815,0.8533653846153846
1027028,5,6560,0.0452086266953235,0.09298780487804878,0.04105571847507331,0.08109756097560976,0.04426229508196721,0.08643292682926829,0.04713603818615752,0.10838414634146341,0.0953895330821795,0.8916158536585366
1027028,10,9744,0.0719368811881188,0.14316502463054187,0.06822910962654692,0.1278735632183908,0.07381193124368049,0.1423440065681445,0.08250406173842405,0.16676929392446635,0.14262047458948496,0.9011699507389163
1027028,25,17072,0.14038660568223552,0.24630974695407684,0.14544419896900315,0.2545103092783505,0.12802945413798622,0.2342432052483599,0.13398242853396275,0.2393978444236176,0.2577803685352505,0.9325210871602624
1027028,50,25184,0.2464153985197489,0.40057179161372297,0.23830079466300402,0.3858005082592122,0.1965705997941424,0.33366423125794153,0.1977577737560815,0.3341010165184244,0.38424551439266813,0.9456003811944091
1027028,100,33040,0.3608483806248209,0.5334745762711864,0.3640966533569341,0.535411622276029,0.2903977173469982,0.4528147699757869,0.3050217956486893,0.47227602905569005,0.5071134286082143,0.9536924939467313
1043022,1,2944,0.0,0.0,0.0008401949252226517,0.0016983695652173913,0.05178638117764223,0.14130434782608695,0.07470453342741225,0.2877038043478261,0.04031942633637549,0.8403532608695652
1043022,3,6160,0.007428040854224698,0.015584415584415584,0.011469534050179211,0.023376623376623377,0.06236309753897694,0.15714285714285714,0.08016552111095525,0.18555194805194805,0.0900666558283206,0.8993506493506493
1043022,5,7728,0.03706744127304875,0.07595755693581781,0.025221584984358707,0.05007763975155279,0.05664131070801638,0.12525879917184266,0.09322252287076407,0.18724120082815734,0.11398282383882331,0.9085144927536232
1043022,10,10448,0.10386734894705767,0.20204823889739662,0.06778035732310488,0.12854134762633998,0.07979270173034093,0.17831163859111793,0.1031509516430246,0.24846860643185298,0.15731412533865446,0.9281202143950995
1043022,25,15328,0.17916019812227396,0.3162186847599165,0.16334991708126037,0.2827505219206681,0.09746632456703015,0.19826461377870563,0.09562327985500436,0.18586899791231734,0.23592080299664336,0.949177974947808
1043022,50,20240,0.23563863684641762,0.3836462450592885,0.24595042336483003,0.39609683794466405,0.13800316447209632,0.2542490118577075,0.14713903534973116,0.2798913043478261,0.31497479618133783,0.9601284584980238
1043022,100,25168,0.30800143339817754,0.47810712015257467,0.316594343075234,0.4812062937062937,0.14850698856416772,0.26005244755244755,0.14972487083630864,0.2832565162110617,0.39484902021167967,0.9679354736172918
1044023,1,3440,0.0,0.0,0.0,0.0,0.11313196058008172,0.8209302325581396,0.10452189332969582,0.8909883720930233,0.049189120969268633,0.9063953488372093
1044023,3,6080,0.0040681608842493095,0.008717105263157894,0.0019026478515934676,0.003947368421052632,0.12668024439918535,0.5626644736842106,0.13859905737038844,0.7013157894736842,0.08965125990828435,0.9356907894736842
1044023,5,7616,0.04036846383094012,0.0978203781512605,0.024220326844195585,0.04884453781512605,0.13654789844250054,0.5042016806722689,0.15013210870659285,0.6267069327731093,0.1129621465012282,0.9419642857142857
1044023,10,10800,0.06987859669247681,0.13537037037037036,0.05679493424257184,0.10796296296296297,0.13707981494063218,0.39231481481481484,0.15872784514925373,0.5041666666666667,0.1606303914020395,0.9465740740740741
1044023,25,17696,0.17395839919074413,0.3109742314647378,0.17089352245244788,0.29549050632911394,0.1404931774407943,0.2926650090415913,0.1685204669572624,0.38014240506329117,0.2664377224757335,0.9601604882459313
1044023,50,26448,0.31199395180957956,0.48370387174833634,0.3358866815681744,0.5056715063520871,0.20828188029966246,0.38263762855414396,0.16908304315711722,0.3029340592861464,0.4030627439301556,0.9722852389594676
1044023,100,35040,0.4761151139061264,0.6525114155251142,0.5118853163686382,0.6797089041095891,0.2770197896363413,0.4502283105022831,0.2699909369771333,0.44209474885844746,0.5373501527853953,0.9786244292237443
1051024,1,2272,0.0,0.0,0.0,0.0,0.1156520678296938,0.41725352112676056,0.004235656526761648,0.03389084507042254,0.03517946280009508,0.977112676056338
1051024,3,5344,0.01610591112235433,0.03574101796407186,0.025676937441643323,0.05145958083832335,0.09109582923997499,0.19086826347305388,0.04421052631578947,0.1689745508982036,0.0827278339744503,0.9779191616766467
1051024,5,7680,0.033519214450236395,0.07200520833333333,0.033488433055901434,0.06653645833333334,0.12898463557329543,0.30716145833333336,0.05694760820045558,0.166015625,0.11682508605172577,0.9634114583333333
1051024,10,11584,0.05737741891830935,0.10980662983425414,0.06810348789118147,0.12793508287292818,0.1348802810391051,0.25189917127071826,0.09102422035776477,0.19854972375690608,0.1740176801837229,0.9550241712707183
1051024,25,19728,0.1843357218371902,0.3181772100567721,0.1735461056135033,0.2960259529602595,0.1866545716496358,0.3546228710462287,0.2165092314297982,0.4089618815896188,0.2905292696235092,0.944647201946472
1051024,50,28784,0.3068310337027822,0.4712687604224569,0.32359519788195557,0.49256531406336856,0.24136495180196124,0.4027584769316287,0.31325352714835397,0.5091022790439133,0.4253321331015644,0.9520914396887159
1051024,100,37568,0.4361795438944398,0.6088958688245315,0.44658867895486204,0.6178396507666098,0.3405432063972945,0.5146401192504259,0.39705376694355465,0.5840076660988075,0.555577886339744,0.956585391822828
1056023,1,1520,0.062100986651189787,0.14078947368421052,0.039610607586438404,0.07763157894736843,3.173897863966738e-05,0.0006578947368421052,3.150300853731531e-05,0.0006578947368421052,0.02960596793985314,1.0
1056023,3,3248,0.05188679245283019,0.11176108374384236,0.03242269588712098,0.0665024630541872,0.00012036591237361579,0.0012315270935960591,0.00011951715071112705,0.0012315270935960591,0.06326327886094933,1.0
1056023,5,4256,0.06405323905583862,0.14473684210526316,0.061214953271028036,0.1231203007518797,0.00011682242990654206,0.0009398496240601503,0.00011602274045712959,0.0009398496240601503,0.08289671023158879,1.0
1056023,10,5936,0.08260632497273719,0.153133423180593,0.07388316151202749,0.13763477088948786,0.0003898635477582846,0.0023584905660377358,0.00047035387211908253,0.0028638814016172507,0.1156190958493212,1.0
1056023,25,8800,0.13614079195474543,0.24613636363636363,0.1167317587254355,0.21397727272727274,0.0008773287918666461,0.003863636363636364,0.0011544677903486493,0.005113636363636364,0.17140297228336027,1.0
1056023,50,11120,0.2055486798679868,0.35845323741007196,0.15053873781426372,0.26384892086330936,0.0008277742610897405,0.0030575539568345324,0.0010896147606479576,0.0040467625899280575,0.21659102861260981,1.0
1056023,100,15264,0.2903238932291667,0.46743972746331236,0.22352987795213186,0.36956236897274636,0.0007519129550179133,0.0022274633123689725,0.0009902515238870673,0.00294811320754717,0.2973062464696831,1.0
1062026,1,2768,0.04387357483042286,0.10982658959537572,0.02005141388174807,0.04226878612716763,0.05325665708213527,0.15390173410404626,0.02245362837617963,0.07478323699421965,0.036403098586578676,0.7453034682080925
1062026,3,5920,0.039509649631408926,0.08057432432432432,0.05397802197802198,0.10371621621621621,0.1066147859922179,0.2777027027027027,0.05361031998659742,0.10810810810810811,0.08228257638026618,0.7947635135135135
1062026,5,8304,0.053007889546351085,0.1035645472061657,0.0667501565435191,0.1283718689788054,0.09937817976257773,0.21170520231213874,0.08965802679911014,0.2086946050096339,0.11616679112901825,0.8055154142581888
1062026,10,12624,0.11722039267997833,0.22275031685678073,0.08948327752108855,0.16722116603295312,0.10857564919919141,0.22124524714828897,0.13413762287756925,0.23780101394169836,0.17352176293457433,0.8033903675538656
1062026,25,19200,0.1848681650854458,0.32171875,0.1621597313826598,0.28171875,0.13112326270221006,0.23979166666666665,0.17538311846266116,0.33796875,0.27289969687219523,0.8393229166666667
1062026,50,26000,0.2788025771049215,0.43773076923076926,0.27722602319821477,0.4348076923076923,0.18190630776860994,0.3103461538461538,0.2210483451349456,0.3758076923076923,0.37846019306447815,0.8655384615384616
1062026,100,33008,0.37946919549293434,0.554017207949588,0.37430028610523697,0.5469583131362094,0.27149555066500813,0.42980489578284053,0.2775398028809704,0.4436197285506544,0.48220830279203036,0.876938923897237
1068028,1,3680,0.00012150668286755772,0.0002717391304347826,0.028209321340964842,0.05625,0.03041293197243666,0.1595108695652174,0.036231654356991154,0.3105978260869565,0.06489581676475266,0.9978260869565218
1068028,3,7360,0.0758381030253475,0.15122282608695653,0.07320540156361052,0.13994565217391305,0.030971128608923884,0.09619565217391304,0.06895132847401834,0.31875,0.12275002195100536,0.9497282608695652
1068028,5,10096,0.11114539937252482,0.21404516640253565,0.0864769820971867,0.160756735340729,0.03148896121720717,0.0795364500792393,0.08293871673451303,0.29665213946117275,0.17022098186860443,0.9605784469096672
1068028,10,14288,0.16137791915586935,0.2911534154535274,0.1317080830683469,0.2348124300111982,0.061394960322984825,0.12346024636058231,0.13058464109460272,0.35001399776035835,0.22591862154868175,0.9139837625979843
1068028,25,21072,0.23861046192908048,0.39246393318147305,0.19221335739054438,0.3235573272589218,0.16066711140760506,0.2857346241457859,0.19710297351563247,0.39132498101746394,0.3179943306231222,0.8890470766894457
1068028,50,26288,0.27212132921174653,0.4286366402921485,0.24661554482628043,0.3963785757760195,0.26018844363718924,0.4359403530127815,0.2570012729587198,0.4300821667681071,0.38694451418528747,0.8794126597687157
1068028,100,35760,0.41625022047151505,0.5939597315436241,0.34299290965895274,0.5126957494407158,0.4059990229604299,0.5810123042505593,0.41133678063742357,0.5850391498881432,0.4997482417528871,0.8604026845637583
1078028,1,1328,0.024193548387096774,0.09036144578313253,0.0,0.0,0.0,0.0,0.06194911026110095,0.5609939759036144,0.02191429823674185,0.9789156626506024
1078028,3,3808,0.04686358417701701,0.11790966386554622,0.026336791699920193,0.051995798319327734,0.0,0.0,0.09964669406590237,0.3629201680672269,0.062001413713016255,0.967436974789916
1078028,5,5904,0.038451657103708146,0.07605013550135502,0.04433287950987066,0.08824525745257453,0.0,0.0,0.12133160956690368,0.317920054200542,0.0968154366367781,0.9747628726287263
1078028,10,9168,0.08491231880123785,0.1705933682373473,0.0934350789305062,0.174956369982548,0.028656829719599562,0.06588132635253054,0.1145900930131949,0.23113001745200698,0.1515702006694589,0.9828752181500873
1078028,25,16048,0.18594950603732163,0.31667497507477566,0.158824375854378,0.2751121635094716,0.05933508469970106,0.12244516450648056,0.11694068609613285,0.2202766699900299,0.2657628143742755,0.9857303090727817
1078028,50,22128,0.28795077275329134,0.45467281272595805,0.25709445150360016,0.41146963123644253,0.1065935142549231,0.19667389732465654,0.19449166046956337,0.33093817787418656,0.36772437889502946,0.9892895878524945
1078028,100,27952,0.3682420945256715,0.5424298797939324,0.354250132741227,0.5251144819690898,0.15082027574356666,0.2637736119061248,0.19270389747333413,0.3399756725815684,0.46516197289536,0.9909487693188322
108026,1,1328,0.0023993601706211675,0.00677710843373494,0.00030807147258163895,0.0007530120481927711,0.05932356664858021,0.4939759036144578,0.020414793956787785,0.2838855421686747,0.011288805268109126,0.5060240963855421
108026,3,3504,0.018055555555555554,0.040810502283105024,0.00013902405116085083,0.00028538812785388126,0.11494621929683738,0.408675799086758,0.03812722244172264,0.22031963470319635,0.0471218251103762,0.8010844748858448
108026,5,4944,0.012647032811532679,0.028923948220064725,0.0003965500148706256,0.0008090614886731392,0.1284504968715495,0.352953074433657,0.06957474165436449,0.2955097087378641,0.06876570088762352,0.8305016181229773
108026,10,8416,0.020078621106743272,0.03944866920152091,0.018284770555621093,0.036834600760456276,0.13552361396303902,0.2666349809885932,0.13141361256544504,0.3578897338403042,0.11814948984678786,0.844819391634981
108026,25,14784,0.1145107764122388,0.21239177489177488,0.10616792090895677,0.1946699134199134,0.16462796757382744,0.30769751082251084,0.16745581378537608,0.313379329004329,0.21683104524954155,0.8877840909090909
108026,50,21936,0.2266644409203461,0.37139861415025527,0.2324582205730547,0.3798322392414296,0.18987278247559783,0.3449580598103574,0.21726928294120398,0.42350474106491615,0.32931944924246165,0.912609409190372
108026,100,28000,0.2835681393334245,0.44425,0.3121531502121905,0.47810714285714284,0.22513309344948762,0.38210714285714287,0.23056073183127224,0.38885714285714285,0.4209863417027889,0.9191785714285714
1090028,1,5008,0.0,0.0,0.09789217673287394,0.19289137380191693,0.10052356020942409,0.19169329073482427,0.0,0.0,0.07229237210388484,0.8654153354632588
1090028,3,7680,0.05266618449602209,0.104296875,0.08153411050562186,0.15390625,0.09758364312267657,0.19140625,0.13519391083725987,0.29140625,0.10986424439324372,0.8630208333333333
1090028,5,9248,0.11190132236915212,0.21777681660899653,0.08820416323650476,0.16219723183391002,0.07679916861522473,0.159818339100346,0.12349630283633153,0.24199826989619377,0.13527170311464545,0.882893598615917
1090028,10,12816,0.12721297107800175,0.22651373283395757,0.09620880968392737,0.17860486891385768,0.07426535351108976,0.14474094881398253,0.11852334242337906,0.2272159800249688,0.1930001654807215,0.9100343320848939
1090028,25,18512,0.2121173871883875,0.36311581676750215,0.19317853357741593,0.32492437337942953,0.09071373313085584,0.17102420051858255,0.10693924560898359,0.20062662057044078,0.2866618148135896,0.9362035436473639
1090028,50,23488,0.2909468237069779,0.4595963896457766,0.2766164054702884,0.4366059264305177,0.12309061943585418,0.22368869209809264,0.1362107084494857,0.24131471389645776,0.36537604962304304,0.9429495912806539
1090028,100,27984,0.3339870516516233,0.5051100628930818,0.3330485547486829,0.5015008576329331,0.15588265568708184,0.2705831903945112,0.17822009649324339,0.30492424242424243,0.43611138540535205,0.9469339622641509
1099026,1,2384,0.037818471337579616,0.0796979865771812,0.0,0.0,0.057484718428924435,0.18540268456375839,0.03818615751789976,0.18791946308724833,0.033925581546564366,0.8754194630872483
1099026,3,5056,0.059191982461634825,0.11214398734177215,0.02524805973081835,0.050830696202531646,0.052411105698977105,0.10640822784810126,0.04385718301939837,0.12341772151898735,0.0734346150108516,0.896756329113924
1099026,5,7680,0.08452228007302726,0.16276041666666666,0.027827948357749682,0.05416666666666667,0.095884845318939,0.21510416666666668,0.07089895214167535,0.15065104166666668,0.11387739265390584,0.9171875
1099026,10,12736,0.10682899644189137,0.19566582914572864,0.1130821356122405,0.20571608040201006,0.12067108533554267,0.2287217336683417,0.11895255566346534,0.2596576633165829,0.1907644747858569,0.9302763819095478
1099026,25,22224,0.2066321793341292,0.35047696184305255,0.21573479821603395,0.3569564434845212,0.18969149134735888,0.3201043916486681,0.1896353568070212,0.32667386609071275,0.3338235294117647,0.9397048236141109
1099026,50,31184,0.3189869157305734,0.4862750128270908,0.32336215462021434,0.4905079527963058,0.27767331589274036,0.43567213955874806,0.28635213267216725,0.44628655720882504,0.47104990846135475,0.9488519753719856
1099026,100,40000,0.43832129219626753,0.61125,0.4291672608013689,0.60195,0.3724193465485634,0.543425,0.41539160998128943,0.593875,0.6034343466345621,0.952325
1100028,1,3408,0.011691720353137676,0.028755868544600938,0.002701242571582928,0.005868544600938967,0.14214827787507298,0.5715962441314554,0.1345553009789627,0.5686619718309859,0.03386812443241511,0.5580985915492958
1100028,3,5824,0.029696680959186914,0.06421703296703296,0.02353635903492492,0.047905219780219783,0.12084367245657568,0.33447802197802196,0.11522682680302039,0.332760989010989,0.07545257317637016,0.7285370879120879
1100028,5,7312,0.03349977877504583,0.0724835886214442,0.030059838085181274,0.05839715536105033,0.1110732344753139,0.2673687089715536,0.11254602406990163,0.2800875273522976,0.10003550505947098,0.7706509846827133
1100028,10,9904,0.06061378466557912,0.12005250403877221,0.05646572292031175,0.10753231017770598,0.1026036740180216,0.2080977382875606,0.10660464214759897,0.22213247172859452,0.14440446012302566,0.8224959612277868
1100028,25,14880,0.13559008509064002,0.24630376344086022,0.12560477774417902,0.2233198924731183,0.11090163392207449,0.22533602150537635,0.15776253502077095,0.3292338709677419,0.22938877985820116,0.8719086021505377
1100028,50,19792,0.2034241810097099,0.3397837510105093,0.19182740047543104,0.3220998383185125,0.14428973758323901,0.2769805982215036,0.14964129976086651,0.26874494745351657,0.31208361239381016,0.8946544058205336
1100028,100,24304,0.27781513474370245,0.44198485845951285,0.25988875953951623,0.41334759710335744,0.17886862807512163,0.323691573403555,0.18735987803784415,0.3438528637261356,0.3883525874347207,0.9087393021724819
1101028,1,2080,0.040197193780811526,0.10192307692307692,0.017225747960108794,0.03653846153846154,0.0,0.0,0.054704301075268816,0.9783653846153846,0.034641167863340934,0.9788461538461538
1101028,3,4896,0.05859375,0.1256127450980392,0.05041295720261718,0.0959967320261438,0.08605433376455368,0.3396650326797386,0.07961489088575097,0.6333741830065359,0.07440054035798717,0.8999183006535948
1101028,5,6960,0.060849850069479995,0.11954022988505747,0.06422362110311751,0.12313218390804598,0.08931102920328891,0.27155172413793105,0.11562096957742204,0.656896551724138,0.10715971145418998,0.9135057471264367
1101028,10,10016,0.07076378351036924,0.13967651757188498,0.09124777279844501,0.16873003194888178,0.09697478991596639,0.23043130990415336,0.15615196078431373,0.636082268370607,0.15384357166834509,0.9151357827476039
1101028,25,14304,0.11195899333256253,0.20309004474272932,0.12595628415300547,0.22560123042505592,0.11717142017053808,0.22287472035794184,0.19206356560415122,0.5796280760626398,0.21065543878261447,0.8884228187919463
1101028,50,18400,0.14868732879874427,0.26255434782608694,0.15882058344810318,0.2757608695652174,0.18990823329820322,0.40152173913043476,0.21681706676011916,0.5379891304347826,0.2645091481408617,0.8768478260869565
1101028,100,22496,0.18771429319234695,0.3188122332859175,0.19422648711695473,0.32570234708392604,0.20335785250286587,0.3785117354196302,0.24402502606882168,0.5201369132290184,0.32091979444480584,0.8772226173541963
113026,1,656,0.0,0.0,0.0,0.0,2.2965803917966147e-05,0.001524390243902439,4.536381781890764e-05,0.003048780487804878,0.012831044869538004,1.0
113026,3,1952,0.0,0.0,0.0,0.0,0.00024537687657543106,0.0056352459016393444,0.00028651400612699185,0.00665983606557377,0.03818018229472284,1.0
113026,5,2960,0.06514966815657591,0.1625,0.04227012462108454,0.08479729729729729,0.000261802949646566,0.004054054054054054,0.00030185424752048295,0.00472972972972973,0.057896178069866605,1.0
113026,10,4480,0.1485924112607099,0.27098214285714284,0.06575028636884307,0.128125,0.00033789491468153406,0.0035714285714285713,0.00039670111702682953,0.004241071428571428,0.08762664788952783,1.0
113026,25,6656,0.2269724770642202,0.37169471153846156,0.13820999744528656,0.24384014423076922,0.0011113580795732384,0.008263221153846154,0.0012393059886463581,0.009314903846153846,0.13018816257872706,1.0
113026,50,9056,0.26857409630518875,0.4446775618374558,0.22596603824040648,0.37323321554770317,0.0021608272881617533,0.012367491166077738,0.0024253766972862517,0.014023851590106008,0.17703892039898297,0.9995583038869258
113026,100,11536,0.361999763900366,0.5316400832177531,0.3054738746889844,0.4682732316227462,0.002080609821214855,0.009795423023578364,0.002352254699950767,0.01118238557558946,0.22554273420692353,0.9996532593619972
1164026,1,2992,0.017016282822355875,0.03877005347593583,0.0,0.0,0.05549148945984594,0.804144385026738,0.053423031262366444,0.8121657754010695,0.04094618224208277,0.8452540106951871
1164026,3,4688,0.024711040255081706,0.052901023890784986,0.029371798892024667,0.05994027303754266,0.05871330418488445,0.5614334470989761,0.06219624467424583,0.6196672354948806,0.068405543682404,0.9012372013651877
1164026,5,5664,0.05013436345314075,0.10540254237288135,0.037356069262547247,0.07503531073446328,0.059196571103676,0.477930790960452,0.06409204686481143,0.5379590395480226,0.08341827241987412,0.9103107344632768
1164026,10,7264,0.07321014543666128,0.14344713656387664,0.07042253521126761,0.1335352422907489,0.06341919578338859,0.4107929515418502,0.07054503682126813,0.47343061674008813,0.10930447022278308,0.9300660792951542
1164026,25,9760,0.11714078131112726,0.21475409836065573,0.11532367587143504,0.20881147540983608,0.06839675405235006,0.34456967213114753,0.08028447254049782,0.4163934426229508,0.14968693879532108,0.9479508196721311
1164026,50,12544,0.17543382719405554,0.3086734693877551,0.16975423571029605,0.29073660714285715,0.07189086540324768,0.29575892857142855,0.08717366628830873,0.3673469387755102,0.19447769402478082,0.9584661989795918
1164026,100,15376,0.24390342377260982,0.3928850156087409,0.24303107978212113,0.3946409989594173,0.07337603603271002,0.2585197710718002,0.09163981317209167,0.3292143600416233,0.2402866293552457,0.9661160249739854
1209024,1,2368,0.0,0.0,0.0016525511258004544,0.0033783783783783786,0.0,0.0,0.0,0.0,0.02921820226205437,0.7461993243243243
1209024,3,5520,0.012710160083661813,0.0286231884057971,0.06811810876471687,0.13206521739130433,0.05727626459143969,0.13333333333333333,0.011142511102139685,0.025,0.07701049095011446,0.8471014492753624
1209024,5,8144,0.032579462102689485,0.06544695481335953,0.06648091751441716,0.12598231827111983,0.0970697012802276,0.20947937131630648,0.08068048693526206,0.1944990176817289,0.1167131833853226,0.8729125736738703
1209024,10,12480,0.08313182689902443,0.159775641025641,0.09719051799824407,0.17740384615384616,0.1414859885165824,0.26458333333333334,0.13146475380800568,0.237900641025641,0.18219397425004902,0.8935096153846154
1209024,25,20656,0.183993744938706,0.3189872192099148,0.17389579850978837,0.29715336948102244,0.19151941425730015,0.32164988381099924,0.2265378839188433,0.3724341595662277,0.3085747712906843,0.9193454686289698
1209024,50,28528,0.2871112105616469,0.44976864834548513,0.2736175882744837,0.43189147504206393,0.2628581442215018,0.4206393718452047,0.2834075969471037,0.45036455412226584,0.4305386992896095,0.932627593942793
1209024,100,36928,0.39612224655175643,0.573169410745234,0.400587010035978,0.5728715337954939,0.3537070854638422,0.5245071490467937,0.3819216740964521,0.561443890814558,0.5621197695622004,0.9432950606585788
1209025,1,960,0.0,0.0,0.0,0.0,0.0,0.0,0.0,0.0,0.017074620413897443,0.9875
1209025,3,3152,0.024556456350605098,0.06630710659898477,0.042914617791685296,0.09137055837563451,0.0,0.0,0.0,0.0,0.05640296061517405,0.9936548223350253
1209025,5,4880,0.04825925554329287,0.0985655737704918,0.052371342078708374,0.10635245901639344,0.005227695167286246,0.018442622950819672,0.005206826728377205,0.018442622950819672,0.08728686915971985,0.9934426229508196
1209025,10,8240,0.08566996092852218,0.18094660194174758,0.08718677344355463,0.1638349514563107,0.0043740279937791605,0.010922330097087379,0.004359409057883265,0.010922330097087379,0.14703924285225903,0.9917475728155339
1209025,25,15504,0.15067390162786626,0.2776057791537668,0.18871306005719732,0.3192079463364293,0.003276882032246839,0.007288441692466461,0.004010502322629043,0.008965428276573787,0.27581250786008155,0.9901960784313726
1209025,50,22240,0.3215094997385393,0.49761690647482015,0.2810271041369472,0.44289568345323743,0.0462254970109829,0.08970323741007194,0.06142653220978957,0.11996402877697841,0.3959279673950123,0.991546762589928
1209025,100,28624,0.41276430461486174,0.5940120178870878,0.41258346425765907,0.5871646171045277,0.11813746206154674,0.214854667411962,0.12320142148058018,0.2228549468977082,0.5103312090476618,0.9931525992174399
1214025,1,2528,0.004472967716841696,0.009098101265822785,0.0,0.0,0.043953315122920285,0.4200949367088608,0.06338475614405165,0.9865506329113924,0.039628322595266614,0.9683544303797469
1214025,3,4800,0.010239253852392539,0.021041666666666667,0.0,0.0,0.07967173204539207,0.42270833333333335,0.09201406079809882,0.774375,0.07156785328670652,0.9252083333333333
1214025,5,6288,0.022232962783953602,0.04389312977099236,0.030650425921503063,0.061227735368956746,0.10680872188490473,0.44481552162849874,0.10986443400588994,0.7178753180661578,0.09283521147137781,0.9184160305343512
1214025,10,9168,0.0872947771866598,0.16644851657940662,0.07186322804984063,0.13525305410122165,0.12165587158546888,0.3769633507853403,0.1335811821922933,0.6231457242582897,0.13442727927639478,0.9159031413612565
1214025,25,14032,0.14581721962141259,0.25527366020524517,0.13993697988203926,0.24686431014823262,0.1548596044398327,0.35098346636259975,0.16043071568414183,0.5255843785632839,0.20767415156927788,0.9280216647662486
1214025,50,18144,0.2030479896238651,0.3451278659611993,0.20625165212794078,0.34402557319223986,0.16340018231540565,0.31613756613756616,0.16977482796530804,0.45960097001763667,0.27189307164136306,0.9406415343915344
1214025,100,22080,0.23263869644737573,0.3802083333333333,0.2654289299566507,0.4215126811594203,0.18734586725358648,0.31997282608695654,0.18668213008601528,0.4374094202898551,0.3333863882345451,0.9486413043478261
1214026,1,2336,0.0,0.0,0.0026487367563162185,0.005565068493150685,0.0838742740006833,0.6305650684931506,0.088447507093636,0.9340753424657534,0.0343947011411699,0.9225171232876712
1214026,3,4304,0.017563611799144337,0.0362453531598513,0.016378628713430477,0.03368959107806691,0.07542242703533027,0.34223977695167285,0.08236001051564201,0.5095260223048327,0.06580480408586704,0.9579460966542751
1214026,5,5680,0.048057632682837866,0.09278169014084507,0.01758905569867638,0.03485915492957747,0.08268021286889211,0.30088028169014086,0.09620271545777971,0.4665492957746479,0.08728044286329627,0.9632042253521127
1214026,10,8368,0.08448936036658088,0.16085086042065008,0.05869414943756677,0.11161567877629062,0.08191980663818033,0.22681644359464628,0.09463732898372225,0.33974665391969405,0.12595959756504602,0.9470602294455067
1214026,25,12800,0.13693284158161076,0.249453125,0.1131068592997527,0.203671875,0.08977058627950793,0.18984375,0.11999519779098385,0.31234375,0.1822893761387196,0.90671875
1214026,50,15408,0.17152496114627952,0.2936786085150571,0.15628042843232717,0.2708333333333333,0.08933297143244893,0.1708852544132918,0.12177577971340264,0.28128245067497404,0.22118038133467136,0.9154984423676013
1214026,100,17632,0.20579905596763318,0.34618874773139746,0.18949210730032648,0.31930580762250454,0.1423564504101417,0.32480716878402904,0.12394666666666666,0.2636116152450091,0.2556389798893365,0.9249659709618875
1231028,1,2336,0.0,0.0,0.0023432923257176333,0.005136986301369863,0.08259159594286897,0.5124143835616438,0.08251324753974262,0.5132705479452054,0.027299682439426636,0.666095890410959
1231028,3,4320,0.0,0.0,0.020029092536645407,0.041435185185185186,0.0726467196698428,0.27708333333333335,0.07260066606115652,0.2775462962962963,0.06197810679952284,0.8178240740740741
1231028,5,5984,0.041147425346814016,0.08773395721925134,0.05210489993098689,0.10093582887700535,0.06598313213163552,0.20003342245989306,0.06595522305957423,0.20036764705882354,0.09109247824866686,0.8678141711229946
1231028,10,9184,0.07451001861381802,0.1481925087108014,0.06562481979124618,0.12391114982578397,0.05608921793730378,0.13033536585365854,0.056083072173628325,0.13055313588850173,0.14593846369498178,0.9069033101045296
1231028,25,15168,0.14827347815012917,0.2686577004219409,0.15059899474698613,0.2627241561181435,0.05258343322187874,0.10990242616033755,0.12380633781400158,0.26839398734177217,0.25,0.9412579113924051
1231028,50,20720,0.25219356949525595,0.4092181467181467,0.22664027650586394,0.37027027027027026,0.06150376320924457,0.11713320463320463,0.12823167170993258,0.23315637065637065,0.346182110862262,0.9548745173745173
1231028,100,26016,0.3180146145051449,0.4918127306273063,0.3274682804037733,0.49504151291512916,0.10976356990428701,0.1996848093480935,0.12948915745264422,0.23228013530135302,0.43834394458826,0.9632918204182042
1295026,1,3200,0.0471474403682522,0.105625,0.026144756277695715,0.0553125,0.0,0.0,0.0,0.0,0.05031361313303392,0.8121875
1295026,3,5952,0.07138147049126278,0.145497311827957,0.05759299781181619,0.1105510752688172,0.0,0.0,0.0,0.0,0.10128660845375165,0.880880376344086
1295026,5,7840,0.0783740701381509,0.15051020408163265,0.08140947752126367,0.1538265306122449,0.0,0.0,0.0,0.0,0.1376719208777623,0.9090561224489796
1295026,10,11440,0.12024563240824487,0.2208041958041958,0.12970629779358045,0.23277972027972027,0.02890399743708397,0.07097902097902098,0.031048359120238674,0.07823426573426573,0.20340060078564276,0.9233391608391608
1295026,25,17552,0.20423564605500222,0.3422971741112124,0.22631469115191988,0.37072698268003645,0.037734851888063844,0.08135824977210575,0.026674689129562775,0.05304238833181404,0.3179460580912863,0.9429694621695534
1295026,50,23504,0.30112831134852286,0.4700901974132063,0.302531889687853,0.46719707283866574,0.11384987230937614,0.21243192648059905,0.12587769976002133,0.24102280462899933,0.4302238591241296,0.9542205582028591
1295026,100,35296,0.4260951464871147,0.60241953762466,0.500402576489533,0.6691126473254759,0.2609399183903194,0.4203309156844968,0.30304686930534297,0.4711582048957389,0.6528721551212603,0.9663417951042611
1301022,1,2336,0.02581686163775716,0.0547945205479452,0.0110803324099723,0.02226027397260274,0.07650721629579572,0.6785102739726028,0.0729597231567817,0.9747431506849316,0.028601815626543094,0.6446917808219178
1301022,3,3968,0.04279176201372998,0.09425403225806452,0.03800051007396073,0.0751008064516129,0.07139979408209857,0.4019657258064516,0.06972493831673215,0.5768649193548387,0.05919428940274139,0.7857862903225806
1301022,5,4512,0.04118154376886589,0.08466312056737589,0.041919596838850076,0.08111702127659574,0.06970239916094918,0.35350177304964536,0.06858837982800467,0.507313829787234,0.06952196529597145,0.811613475177305
1301022,10,5568,0.0443176831943835,0.09069683908045977,0.057060141949943965,0.10973419540229885,0.06850232246725531,0.29400143678160917,0.07422252128375413,0.45563936781609193,0.08878433753225072,0.8405172413793104
1301022,25,7472,0.08753817071397411,0.16113490364025695,0.08743406315485223,0.16193790149892934,0.06912406483790523,0.23741970021413275,0.0782846613434586,0.3752676659528908,0.12422266039739117,0.8768736616702355
1301022,50,9200,0.11152241612315647,0.20630434782608695,0.12115699472439513,0.21717391304347827,0.06846906253434443,0.20315217391304347,0.08084217293474767,0.32804347826086955,0.15472969137320947,0.888804347826087
1301022,100,10864,0.1372105871126513,0.25147275405007363,0.1531054914823828,0.2663843888070692,0.0705976316977463,0.1871318114874816,0.08328176567656766,0.2973122238586156,0.18444620791293503,0.8985640648011782
1312022,1,2352,0.0011179429849077697,0.002551020408163265,0.0,0.0,0.016180569719219526,0.10119047619047619,0.009470141660796743,0.10289115646258504,0.033883343518707136,0.8486394557823129
1312022,3,5280,0.005346685903420182,0.011931818181818182,0.013638531235097758,0.027083333333333334,0.06843992827256426,0.2168560606060606,0.06227810650887574,0.31893939393939397,0.07071926999463231,0.7984848484848485
1312022,5,7536,0.028229823978744604,0.05639596602972399,0.04061050225240369,0.08014861995753715,0.10059592149144388,0.24416135881104034,0.10959885386819485,0.40605095541401276,0.10419033616253424,0.8274946921443737
1312022,10,10976,0.0897083885627722,0.172649416909621,0.06651232334924999,0.1256377551020408,0.12877119049899435,0.24498906705539358,0.16915760869565216,0.45371720116618075,0.15893520910772924,0.8687135568513119
1312022,25,16816,0.19346830308752055,0.3290318744053283,0.13380495199595754,0.23620361560418648,0.14853142596256277,0.29019980970504283,0.21918720852764823,0.4304234062797336,0.24630826980635986,0.8857635585156993
1312022,50,22400,0.26152658283697333,0.4233928571428571,0.22575104956109263,0.3696875,0.20068125815335555,0.3708482142857143,0.2455239492487842,0.4034375,0.33028774259280563,0.8972767857142857
1312022,100,27632,0.3225973658789435,0.4955124493341054,0.2793629574997695,0.4386580775911986,0.2192855797601858,0.3792342211928199,0.27884674874713855,0.4893239722061378,0.4128061375036884,0.9113346844238563
1325022,1,1424,0.0,0.0,0.0,0.0,0.041360544217687076,0.21348314606741572,0.00011598237067965669,0.0014044943820224719,0.021996375955250926,0.9803370786516854
1325022,3,3664,0.006710590531966813,0.015010917030567686,0.012515964240102172,0.026746724890829694,0.058295004813349025,0.14874454148471616,0.03024214867294068,0.15611353711790393,0.056226290355585636,0.9748908296943232
1325022,5,5424,0.023495997934417763,0.05033185840707965,0.010124252185918085,0.02028023598820059,0.05743580437346883,0.11670353982300885,0.0696269445703066,0.2549778761061947,0.08345264880343628,0.9778761061946902
1325022,10,9760,0.07847800237812129,0.1555327868852459,0.11107342716635578,0.20133196721311475,0.1040625,0.20471311475409837,0.115461759832563,0.2713114754098361,0.14477635283077886,0.9484631147540984
1325022,25,16368,0.14489682484541097,0.2548264907135875,0.17169191197484995,0.2936217008797654,0.14687510904840004,0.2571480938416422,0.16776501070181368,0.3639418377321603,0.23830434310363555,0.9382942326490714
1325022,50,21600,0.19448196025467876,0.32666666666666666,0.21708364922921405,0.35791666666666666,0.17504767378072672,0.3102314814814815,0.19264953772283802,0.34921296296296295,0.3172798388970645,0.9482407407407407
1325022,100,26384,0.26094227828746175,0.41396300788356577,0.26406596287205397,0.41998938750758036,0.19651343548745281,0.33539266221952696,0.24696415508412584,0.4478471801091571,0.38942858026792065,0.9541767738023045
133026,1,2240,0.0363498674744415,0.08571428571428572,0.03143418467583497,0.06428571428571428,0.0801056338028169,0.325,0.07660738714090287,0.325,0.03358506886685741,0.9013392857142857
133026,3,4400,0.038515687851971035,0.08704545454545455,0.03660220994475138,0.07227272727272727,0.09841328074841786,0.24386363636363637,0.09703408587870739,0.24909090909090909,0.06575719400609999,0.9015909090909091
133026,5,5904,0.033455625436757515,0.06487127371273713,0.06260155648678696,0.12398373983739837,0.09264813163654048,0.19359756097560976,0.09306167400881057,0.20037262872628725,0.09039838260639003,0.923949864498645
133026,10,8416,0.04605008568743435,0.09897813688212928,0.07150322778973256,0.13818916349809887,0.11234193222053616,0.26390209125475284,0.11129255740300871,0.2672290874524715,0.12394287406627398,0.8950807984790875
133026,25,14240,0.10465027196812993,0.19185393258426967,0.10004187445277704,0.1845505617977528,0.12197843064336185,0.2533707865168539,0.12774184945663045,0.26910112359550564,0.20216319647142764,0.8754915730337078
133026,50,18864,0.17408906882591094,0.310008481764207,0.1522897988853889,0.26653944020356235,0.12108992795089987,0.21649703138252757,0.12844440531736948,0.232029262086514,0.27664851196265317,0.9047391857506362
133026,100,22496,0.20151624355996903,0.3355707681365576,0.19852145214521452,0.3342371977240398,0.14202035244477537,0.25435633001422475,0.15104936446940584,0.27258179231863444,0.3346562560746452,0.9183410384068279
1337022,1,1728,0.0,0.0,0.0,0.0,0.06824667089410273,0.4982638888888889,0.04137867050146124,0.5162037037037037,0.028635943754490405,0.96875
1337022,3,4288,0.023801310796826493,0.04827425373134328,0.006719052499715294,0.013759328358208955,0.07913330193122939,0.27425373134328357,0.07367020134804447,0.4001865671641791,0.065574327769657,0.8997201492537313
1337022,5,6496,0.05640947982130688,0.11468596059113301,0.0369700306772595,0.07235221674876847,0.0721631309866604,0.18903940886699508,0.09613370922271446,0.36745689655172414,0.09632082164938005,0.8777709359605911
1337022,10,10384,0.06820535582186714,0.13318567026194145,0.08722213665999282,0.1636171032357473,0.0753048632366516,0.14926810477657934,0.13113204116513327,0.34726502311248075,0.1491480120280655,0.8597842835130971
1337022,25,15936,0.15445601643302462,0.2689508032128514,0.15433632141699968,0.26901355421686746,0.1187454557472404,0.22546435742971888,0.13686267212504652,0.27692018072289154,0.23183482742050407,0.877949297188755
1337022,50,20752,0.2207297514033681,0.3713858905165767,0.2186860716581916,0.3605917501927525,0.14681455729382226,0.2564090208172706,0.16970387243735763,0.32310138781804165,0.3058167540994424,0.8933114880493447
1337022,100,25200,0.2708641975308642,0.4353174603174603,0.2730242492775474,0.4311507936507937,0.18585797579502428,0.3175,0.18893738852905284,0.319484126984127,0.37748999060847216,0.9091666666666667
1356026,1,1648,0.0,0.0,0.0,0.0,0.03438930941033548,0.22330097087378642,0.030744849445324882,0.2354368932038835,0.032239044831434645,0.929004854368932
1356026,3,3520,0.03382061446977205,0.07755681818181819,0.0055129756622293935,0.011647727272727273,0.08638347884486232,0.2923295454545455,0.0774800868935554,0.3039772727272727,0.05530326594090202,0.7576704545454546
1356026,5,4496,0.04121983914209115,0.08207295373665481,0.00592841163310962,0.011788256227758007,0.08051242236024844,0.23064946619217083,0.07323676729389468,0.24065836298932383,0.06891435166103371,0.7437722419928826
1356026,10,7760,0.054558231648885194,0.11005154639175257,0.046678756128685606,0.0895618556701031,0.078598782095549,0.16134020618556702,0.09809326900987825,0.22010309278350515,0.12314869517387496,0.7789948453608248
1356026,25,12816,0.14207125392944464,0.25390137328339574,0.1203659333478545,0.21558988764044945,0.06951997183208794,0.13865480649188514,0.08924567874448543,0.19257178526841448,0.18793668337741287,0.7429775280898876
1356026,50,17232,0.19960148412807477,0.3371634168987929,0.19803995997101348,0.3330431754874652,0.08122053198114047,0.1589484679665738,0.09197255683075659,0.168813834726091,0.2524524058780195,0.7556870937790158
1356026,100,21392,0.2338698150424516,0.3824326851159312,0.25966204759398936,0.41520194465220644,0.07908453948165928,0.15248691099476439,0.10284002944087714,0.1894166043380703,0.3090922936338715,0.7589753178758414
1363025,1,1696,0.0235650563878135,0.08254716981132075,0.00048638132295719845,0.0011792452830188679,0.07384615384615385,0.5235849056603774,0.05983064466283454,0.5707547169811321,0.027727907440654297,0.9834905660377359
1363025,3,4384,0.016224359717232587,0.03193430656934307,0.010972297664312873,0.02303832116788321,0.11627074985689753,0.37066605839416056,0.12246052854960104,0.4936131386861314,0.06848634413766831,0.9432025547445255
1363025,5,6096,0.025418426403879243,0.053313648293963255,0.021281820414176967,0.04265091863517061,0.1213809184532677,0.30741469816272965,0.13220534916714835,0.41272965879265094,0.09314801670490748,0.9256889763779528
1363025,10,9232,0.05825900417748674,0.11178509532062392,0.04672126642115099,0.09207105719237435,0.11596812922942588,0.23017764298093588,0.13673206226397716,0.32159878682842286,0.14093959731543623,0.9280762564991335
1363025,25,15712,0.1482493171095108,0.2659750509164969,0.12892396700117853,0.22976069246435846,0.12064247894531112,0.21607688391038696,0.14838789991285944,0.3034623217922607,0.23046970065709418,0.904086048879837
1363025,50,22784,0.25364234837038635,0.41261411516853935,0.22638488632724943,0.37236657303370785,0.18445655434456554,0.3238676264044944,0.2049306625577812,0.36775807584269665,0.3368159685272968,0.9168714887640449
1363025,100,30336,0.3701422331728077,0.5447323312236287,0.34137634692933166,0.5106803797468354,0.22531223645636722,0.36989055907172996,0.2374367353445184,0.3928006329113924,0.4500456825941302,0.9255340189873418
1363026,1,1520,0.0,0.0,0.0,0.0,0.09541544737075464,0.7078947368421052,0.06929926442121565,0.7065789473684211,0.02226899532447501,0.9118421052631579
1363026,3,4352,0.054824310404028846,0.11006433823529412,0.007505320936484821,0.015395220588235295,0.09433554338426059,0.30078125,0.09207564160288159,0.3759191176470588,0.06640029525505865,0.9508272058823529
1363026,5,6640,0.059530791788856306,0.12228915662650602,0.03919887780548628,0.07575301204819278,0.10644630192502533,0.2531626506024096,0.10453689088039106,0.3091867469879518,0.10254847556574874,0.9629518072289157
1363026,10,11088,0.09257662835249042,0.17433261183261184,0.07537880598441757,0.14222582972582973,0.15098281669722424,0.31935425685425683,0.13959368733106636,0.2887806637806638,0.1721570071905578,0.9695165945165946
1363026,25,18128,0.11819960861056751,0.21657105030891438,0.13086343202604248,0.2328442188879082,0.17774704164745658,0.3190092674315975,0.1784410368747718,0.3235326566637246,0.2804296133160977,0.9693292144748455
1363026,50,23552,0.17267695608709432,0.30069633152173914,0.20614303178484109,0.34366508152173914,0.18317702227432592,0.31844429347826086,0.23376754264405755,0.3939368206521739,0.3662928875632048,0.9750339673913043
1363026,100,28400,0.2560215077458736,0.4090845070422535,0.27132820341251257,0.4283450704225352,0.23067748599663493,0.3813732394366197,0.266790549508893,0.42464788732394365,0.4436220949707304,0.9792957746478873
1373026,1,3264,0.0,0.0,0.0,0.0,0.0,0.0,0.0,0.0,0.05174095752663965,0.8449754901960784
1373026,3,5824,0.01799111370092505,0.04241071428571429,0.01820388349514563,0.036057692307692304,0.0,0.0,0.0,0.0,0.09976737205463004,0.9131181318681318
1373026,5,7440,0.04940099609637905,0.09865591397849463,0.03486365205384881,0.0678763440860215,0.0,0.0,0.0,0.0,0.130084046225424,0.931989247311828
1373026,10,10352,0.10797253202162373,0.214161514683153,0.06766305729246098,0.1285741885625966,0.00011205109529945655,0.0003863987635239567,0.00019342894249633867,0.0006761978361669242,0.18462519696856006,0.9507341576506955
1373026,25,14816,0.19531400038409832,0.3432100431965443,0.12492923193055293,0.22340712742980562,0.0008970844754547719,0.002429805615550756,0.0018726591760299626,0.0051295896328293735,0.2681746567634481,0.9650377969762419
1373026,50,19024,0.3190657510029238,0.4933242220353238,0.1979627017708823,0.3320016820857864,0.0010377188233170907,0.002417998317914214,0.002032293364897157,0.004783431455004206,0.3464184616538252,0.971351976450799
1373026,100,22816,0.3924621431400628,0.5645599579242637,0.25777251967204096,0.410632889200561,0.0009559434746467166,0.0020161290322580645,0.0018942513589194532,0.004032258064516129,0.4173992914315707,0.9759379382889201
138022,1,1328,0.0,0.0,0.0,0.0,0.0,0.0,0.0,0.0,0.023826741577200498,0.9676204819277109
138022,3,4240,0.003366294971596886,0.007547169811320755,0.024387540184015077,0.05188679245283019,0.0002296211251435132,0.0014150943396226414,0.0028282031044461983,0.020283018867924527,0.0778216610112922,0.9898584905660377
138022,5,5776,0.004705371362385986,0.011253462603878116,0.03225806451612903,0.06267313019390582,0.00025302729080065066,0.0012119113573407201,0.002943386773547094,0.016274238227146815,0.10581039755351682,0.9884002770083102
138022,10,7984,0.04760354258921594,0.09155811623246493,0.07528002083876009,0.14478957915831664,0.0030548188928799223,0.011397795591182364,0.007236996940456578,0.030811623246492986,0.1464784034687865,0.9901052104208417
138022,25,12128,0.15249388640243622,0.2725098944591029,0.17226651480637814,0.2993073878627968,0.0029773310143560417,0.008327836411609498,0.006925861797575948,0.021767810026385226,0.223175409015953,0.9931563324538258
138022,50,16176,0.2335501436998941,0.3818001978239367,0.24417088510507748,0.3936078140454995,0.003426282220230879,0.008036597428288822,0.007718798242489016,0.02009149357072206,0.297986253913559,0.9943743818001978
138022,100,19792,0.30099582396402186,0.47342360549717055,0.32244517032197856,0.48878334680679064,0.0031522968452968214,0.006618835893290219,0.007152387410048339,0.016521827000808408,0.36497526815983994,0.9954021827000809
1397026,1,3664,0.0,0.0,0.0008969759097898514,0.001910480349344978,0.03753065358780254,0.09606986899563319,0.0014410519679365938,0.004366812227074236,0.05164808334011557,0.8659934497816594
1397026,3,6448,0.03928771558433473,0.09785980148883375,0.05401459854014599,0.103287841191067,0.06755143599466329,0.14919354838709678,0.04275106877671942,0.08839950372208437,0.09196966750923585,0.880272952853598
1397026,5,8624,0.06077472311238545,0.125347866419295,0.07098211522990285,0.1330009276437848,0.06868773828557373,0.12952226345083487,0.05624968888446413,0.13102968460111317,0.12116035455278001,0.8717532467532467
1397026,10,13168,0.1084183146856034,0.1994228432563791,0.11464915541238178,0.21081409477521262,0.09979477687014607,0.18833535844471447,0.1506916622571623,0.30277946537059536,0.18582994655828985,0.8819866342648846
1397026,25,22448,0.22750477786213577,0.3871168923734854,0.21493097440021444,0.3571810406272274,0.18892849654015517,0.3210976478973628,0.24039421813403417,0.4074750534568781,0.3231784716933232,0.9073414112615823
1397026,50,32352,0.37208379456546714,0.5506614737883284,0.3636611334674715,0.5363192383778437,0.2924285601203198,0.4567569238377844,0.3298074423626802,0.5098293768545994,0.47289318303811056,0.92587784371909
1397026,100,44336,0.5495125615849611,0.7094234933237098,0.560018928439981,0.7207010104655359,0.46534408956206785,0.637518044027427,0.4779143635013613,0.6532840129916998,0.6480385711154942,0.93373330927463
1403025,1,2128,0.0,0.0,0.009971818773032734,0.021616541353383457,0.0744170843320985,0.32095864661654133,0.017409404863279403,0.17293233082706766,0.027418061456040674,0.7551691729323309
1403025,3,5264,0.014268537074148296,0.0338145896656535,0.02280619427498827,0.04616261398176292,0.09688581314878893,0.21808510638297873,0.07616385710542406,0.331306990881459,0.07472561027328709,0.8368161094224924
1403025,5,7744,0.033111817393816814,0.07399276859504132,0.03469888860170587,0.06934400826446281,0.12515217920623325,0.3318698347107438,0.10296868645790971,0.3269628099173554,0.11467804473341121,0.8746126033057852
1403025,10,11808,0.09027560637870193,0.1711551490514905,0.07231376821462618,0.13490853658536586,0.11811185645499815,0.24305555555555555,0.14591218078265664,0.33629742547425473,0.17602126657244768,0.886009485094851
1403025,25,19040,0.19452436475968382,0.33734243697478994,0.1705929143976014,0.29285714285714287,0.15420209381687777,0.2800420168067227,0.18500925354719308,0.31502100840336134,0.28453659755183613,0.8973214285714286
1403025,50,26320,0.295338441890166,0.4568768996960486,0.2751788130678523,0.43267477203647414,0.21564749800017777,0.36873100303951367,0.28282936669742686,0.5007218844984802,0.3981878716602342,0.9133358662613982
1403025,100,33744,0.4011790257524046,0.5747688477951636,0.38168157716952933,0.5525130393551446,0.2783074868294131,0.44461237553342814,0.34975857157744816,0.596757942152679,0.5114966176736837,0.9209637268847796
1403026,1,1776,0.034983341266063776,0.08277027027027027,0.037262357414448666,0.08277027027027027,0.024581547667178783,0.17117117117117117,0.02465331278890601,0.17117117117117117,0.025339734722109205,0.8766891891891891
1403026,3,4320,0.05134818288393904,0.10138888888888889,0.058456833686191485,0.1150462962962963,0.07193180216993096,0.2363425925925926,0.07211470546687385,0.2363425925925926,0.06438674266413341,0.9178240740740741
1403026,5,6576,0.05148514851485148,0.09884428223844283,0.06731916925280497,0.12864963503649635,0.08636985449570948,0.21122262773722628,0.08656362956500062,0.21122262773722628,0.09889789303079416,0.9279197080291971
1403026,10,10896,0.07955976309285082,0.1565712187958884,0.10396335391356304,0.19162995594713655,0.12852003924276006,0.3246145374449339,0.12875895421984654,0.32498164464023493,0.16541973014462308,0.9395190895741556
1403026,25,18160,0.1633984847520214,0.28265418502202644,0.16288359117423282,0.2829295154185022,0.13435751709439658,0.24994493392070485,0.13455557859194978,0.25016519823788547,0.2775757185619106,0.9497797356828194
1403026,50,24112,0.2308757616961273,0.38026708692767086,0.22515770880645974,0.37006469807564696,0.1826120991217985,0.3095968812209688,0.21146665998446387,0.34999170537491703,0.3698572964990288,0.9555822826808228
1403026,100,28480,0.2698070449495061,0.43058286516853933,0.266327527990048,0.4209620786516854,0.254951840497467,0.41172752808988766,0.2849442173865017,0.4528792134831461,0.43923374352227695,0.9612710674157303
1403028,1,1840,0.03319946452476573,0.06739130434782609,0.0011425959780621572,0.002717391304347826,0.04777757782976426,0.5771739130434783,0.04758287909927621,0.5788043478260869,0.02872044977308135,0.9217391304347826
1403028,3,3712,0.021654337592468056,0.04337284482758621,0.0006529972574115189,0.0013469827586206897,0.04406639004149378,0.2860991379310345,0.044771808203350666,0.29229525862068967,0.05687763713080169,0.9078663793103449
1403028,5,5104,0.03417231364956438,0.06916144200626959,0.021048490213435626,0.04192789968652037,0.041660128667817355,0.2080721003134796,0.04233981112932178,0.2125783699059561,0.07231761454058129,0.845807210031348
1403028,10,8336,0.07789167299417869,0.14767274472168906,0.0667293822514895,0.1276391554702495,0.03697256649491714,0.1273992322456814,0.037597893131887175,0.13015834932821496,0.11543501700257112,0.8348128598848369
1403028,25,14848,0.16740088105726872,0.29431573275862066,0.14977029096477795,0.2634698275862069,0.033836513813728285,0.08001077586206896,0.033832454199988655,0.08034752155172414,0.20848079695897234,0.8569504310344828
1403028,50,20576,0.25060562015503873,0.4022161741835148,0.2684417419077452,0.4248153188180404,0.031135755821085947,0.06167379471228616,0.03081472068813841,0.06128499222395023,0.2951816063484821,0.8803946345256609
1403028,100,25552,0.3581025573075394,0.5288431433938635,0.3505360521336977,0.5220726361928616,0.07177003396653667,0.13396211646837822,0.09487522192742724,0.1861302442078898,0.3704142395872207,0.8934329993738259
142028,1,288,0.0,0.0,0.0,0.0,0.0,0.0,0.0,0.0,0.005525921946352508,1.0
142028,3,1888,0.0,0.0,0.0,0.0,0.0,0.0,0.009727377447843338,0.12076271186440678,0.02890129360437425,0.8034957627118644
142028,5,3120,0.010084491687108205,0.035576923076923075,0.015598190609889253,0.03205128205128205,0.0,0.0,0.009241619715455392,0.07307692307692308,0.05173168827707012,0.8708333333333333
142028,10,5296,0.04858810537939738,0.1163141993957704,0.040956595424159685,0.08213746223564955,0.0,0.0,0.009432555364998882,0.04777190332326284,0.09249709816756417,0.9178625377643505
142028,25,11136,0.1637444732428724,0.28933189655172414,0.1417963224893918,0.2520653735632184,0.0005252652589557726,0.0013469827586206897,0.010344404199152802,0.03026221264367816,0.20307358731004052,0.9587823275862069
142028,50,16112,0.26503425046361123,0.43464498510427013,0.23898124142138172,0.38902681231380337,0.00185152003822493,0.003848063555114201,0.010965848452508004,0.02550893743793446,0.2962364876417729,0.9677879841112215
142028,100,20400,0.35370026395542087,0.5320588235294118,0.3183856502242152,0.48377450980392156,0.045011016682404786,0.09813725490196079,0.011098858951002013,0.02269607843137255,0.37649716227245983,0.9723039215686274
1426026,1,656,0.0,0.0,0.0,0.0,0.0,0.0,0.0,0.0,0.011741899750761562,0.9695121951219512
1426026,3,2624,0.0246847806783875,0.052972560975609755,0.018518518518518517,0.040777439024390245,0.0,0.0,0.0,0.0,0.04799793239675829,0.9908536585365854
1426026,5,4048,0.08338240489930515,0.17490118577075098,0.03480897513644633,0.070899209486166,0.0,0.0,0.0,0.0,0.07428603075559823,0.9940711462450593
1426026,10,5872,0.10607111882046834,0.20827656675749318,0.07487550928021729,0.14083787465940054,0.0,0.0,0.0,0.0,0.10779482068036252,0.9945504087193461
1426026,25,9232,0.17201255925629502,0.3026429809358752,0.15693047930417617,0.2755632582322357,3.779575175750246e-05,0.00010831889081455805,0.0002624573506805144,0.0007582322357019064,0.1697273952123438,0.9961005199306759
1426026,50,12368,0.1825419527078566,0.30958926261319536,0.19596638655462184,0.32996442432082795,0.0004056383733901227,0.0009702457956015524,0.0009064356934233055,0.002183053040103493,0.22760746387109873,0.9970892626131953
1426026,100,15648,0.25138610357437774,0.4085506134969325,0.2399052693901717,0.388420245398773,0.0003651522989380154,0.0007668711656441718,0.0008165240269755345,0.0017254601226993865,0.2881452907845924,0.9976993865030674
1427028,1,3120,0.0,0.0,0.0,0.0,0.141125187304182,0.33205128205128204,0.1441278844914271,0.35833333333333334,0.043121079315974906,0.8041666666666667
1427028,3,6112,0.01595547309833024,0.035176701570680625,0.021475106571221748,0.04368455497382199,0.16165909424007036,0.36092931937172773,0.1647592312675448,0.37450916230366493,0.08638395141755655,0.8285340314136126
1427028,5,8400,0.0650328817941656,0.13773809523809524,0.02642559109874826,0.05202380952380952,0.16791140870460983,0.31047619047619046,0.17307081613210543,0.3244047619047619,0.12074881935242755,0.8461904761904762
1427028,10,12880,0.09408117957525237,0.17437888198757764,0.06726402854362634,0.12880434782608696,0.163065260956696,0.2906055900621118,0.16986807614627647,0.30690993788819876,0.1796795204527569,0.8331521739130435
1427028,25,22288,0.2162119580915369,0.3694364680545585,0.167967424499491,0.2887203876525485,0.22341813437703847,0.3688083273510409,0.22746874237205392,0.3763011486001436,0.30187141366718834,0.8308506819813353
1427028,50,33760,0.3623518045127916,0.5332345971563981,0.34316926913257734,0.5136255924170616,0.34354736675628655,0.5147511848341232,0.3458836421987828,0.5235485781990521,0.47396110707657546,0.8699348341232227
1427028,100,45216,0.5643958824937587,0.7299849610757254,0.5418370824812543,0.7031802901627743,0.5122889148971744,0.6776362349610757,0.5074231177094379,0.6772823779193206,0.6435618234438208,0.8901495046001415
1446025,1,2096,0.0,0.0,0.0,0.0,0.06698967769117337,0.30343511450381677,0.06352176482174512,0.3077290076335878,0.033706701644776585,0.9317748091603053
1446025,3,4400,0.02539714661540018,0.057045454545454545,0.01671340437464947,0.03386363636363637,0.07365512477333563,0.19386363636363638,0.0757799671592775,0.20977272727272728,0.06873088422282553,0.9090909090909091
1446025,5,6080,0.05947722648301769,0.125,0.043478260869565216,0.08388157894736842,0.06432395746927079,0.14029605263157896,0.0665945165945166,0.1518092105263158,0.09083146911661742,0.8748355263157894
1446025,10,8928,0.06088082901554404,0.11581541218637993,0.0689799581214478,0.1291442652329749,0.10458418622363974,0.24607974910394265,0.08874144723201327,0.23969534050179211,0.12735689666824357,0.8443100358422939
1446025,25,14288,0.11836988645201431,0.21304591265397538,0.12869688496829834,0.22872340425531915,0.09888877561423183,0.2036674132138858,0.11709833574785343,0.23194288913773797,0.20145335755595928,0.845954647256439
1446025,50,18064,0.17026371341252086,0.2991585473870682,0.19421487603305784,0.3278343666961913,0.1010524538496173,0.19879317980513728,0.19172382772967503,0.3775465013286094,0.25532830288588826,0.854185119574845
1446025,100,21632,0.20267602544417634,0.34171597633136097,0.2429836883295588,0.3918269230769231,0.11306643202815662,0.21384985207100593,0.21244097396259265,0.37227255917159763,0.3077480325331753,0.8640902366863905
145028,1,1376,0.001608455882352941,0.005087209302325582,0.0,0.0,0.0,0.0,0.0,0.0,0.02479323951782915,1.0
145028,3,3136,0.009401809848395816,0.025510204081632654,0.008901605468129074,0.017857142857142856,0.0,0.0,0.0,0.0,0.05650552262202923,1.0
145028,5,4352,0.04508633553613302,0.09719669117647059,0.03878488958636924,0.07950367647058823,0.0,0.0,0.0,0.0,0.07841582731220383,1.0
145028,10,7088,0.08411012356384132,0.16422121896162528,0.07792306522730728,0.14461060948081264,0.0009689654217768058,0.004937923250564334,0.003125599758725633,0.01608352144469526,0.12771401286509668,1.0
145028,25,11584,0.17376242594638017,0.29877417127071826,0.16410973964319625,0.28349447513812154,0.0013794462508621539,0.004834254143646409,0.003738089420962619,0.013207872928176795,0.2087244815221896,1.0
145028,50,15504,0.2959424296633599,0.4694917440660475,0.2695213088264997,0.43034055727554177,0.0019782393669634025,0.005675954592363261,0.0047106626183247005,0.013609391124871001,0.27935638479972613,1.0
145028,100,19680,0.4082736339373508,0.5907520325203252,0.3643150945352736,0.5355691056910569,0.0018084669132757913,0.004471544715447155,0.004329446361835522,0.010772357723577236,0.35460098380150995,1.0
1460023,1,1328,0.0,0.0,0.0,0.0,0.00018169429934135816,0.0030120481927710845,0.00018106921370693947,0.0030120481927710845,0.02474694920064327,0.9849397590361446
1460023,3,3312,0.02550827124636949,0.06099033816425121,0.016292382210479964,0.03351449275362319,0.00016667361140047503,0.0012077294685990338,0.00020769294674752845,0.0015096618357487923,0.06150035920898401,0.9821859903381642
1460023,5,4512,0.04918955425484016,0.09685283687943262,0.030363475177304963,0.060726950354609927,0.00019842844670211923,0.0011081560283687944,0.0002769863880974992,0.0015514184397163121,0.084187242409347,0.9869237588652482
1460023,10,6368,0.10204592901878914,0.19189698492462312,0.09915648132208642,0.18090452261306533,0.00018481555407703112,0.000785175879396985,0.0002580359775877322,0.0010992462311557789,0.11893781893781893,0.9882223618090452
1460023,25,9936,0.17008139208532136,0.30495169082125606,0.19432456399645284,0.33081723027375204,0.00016328130102540657,0.000503220611916264,0.00022804274172530623,0.0007045088566827697,0.18556642617006006,0.9888285024154589
1460023,50,12608,0.2458413926499033,0.40323604060913704,0.24519301696582246,0.39546319796954316,0.00015017720910674595,0.0003965736040609137,0.000209781826900024,0.0005552030456852792,0.23584620614117913,0.9905615482233503
1460023,100,17216,0.3297978250880686,0.5002904275092936,0.35491211550533586,0.5254414498141264,0.00013191915993878952,0.0002904275092936803,0.00018432694333263112,0.0004065985130111524,0.32286512822449676,0.9930878252788105
1460026,3,1936,0.0023885350318471337,0.007747933884297521,0.024462061155152887,0.05578512396694215,0.0,0.0,0.0,0.0,0.03439238915814037,0.9896694214876033
1460026,5,2976,0.038804701883585896,0.09206989247311828,0.0552,0.1159274193548387,0.0,0.0,0.0,0.0,0.05306049183270508,0.9932795698924731
1460026,10,4832,0.04941494149414941,0.11361754966887418,0.07172066687637622,0.14155629139072848,6.732193348592971e-05,0.00020695364238410596,6.696578048617156e-05,0.00020695364238410596,0.08621989303277218,0.9942052980132451
1460026,25,9168,0.13860955927995033,0.24356457242582896,0.16396124323644143,0.28424956369982546,0.001617954070981211,0.003381326352530541,0.00171544419608047,0.003599476439790576,0.1638732369091627,0.9960732984293194
1460026,50,13136,0.22649314431791773,0.3709652862362972,0.2549632788438759,0.4096376370280146,0.0030389363722697054,0.007308160779537149,0.004007137714053157,0.0097442143727162,0.2349901309886955,0.9969549330085262
1460026,100,16912,0.3340387740448207,0.5226466414380322,0.34985236613199266,0.5184484389782403,0.002998076705509673,0.006267738883632923,0.003920799843168006,0.008278145695364239,0.3027453795083438,0.9976348155156102
1495023,1,1200,0.0002639218791237794,0.0016666666666666668,0.0,0.0,0.012255781754781807,0.19916666666666666,0.01891878881240071,0.3275,0.019347726927170444,0.8483333333333334
1495023,3,3584,0.025947281713344317,0.0703125,0.030419622460021643,0.07059151785714286,0.010920721955677405,0.06668526785714286,0.017498379779650033,0.11300223214285714,0.056903513074978304,0.8415178571428571
1495023,5,5088,0.03324623839985584,0.07252358490566038,0.030570835963567498,0.06662735849056604,0.010218478772072341,0.046973270440251576,0.016430686843279647,0.07959905660377359,0.08303208314505196,0.8667452830188679
1495023,10,7792,0.08542830540037244,0.18839835728952772,0.06996991229754818,0.14027207392197125,0.009778732216129156,0.0327258726899384,0.015437518290898448,0.05415811088295688,0.13051639667373716,0.8923254620123203
1495023,25,13712,0.17142278070531008,0.3084159859976663,0.19138675014806666,0.3299299883313886,0.009515462626768499,0.022170361726954493,0.014733797342492994,0.03566219369894982,0.24012898871348756,0.9340723453908985
1495023,50,20480,0.2882285855192183,0.456591796875,0.32102583929376893,0.4865234375,0.03408472692007475,0.070361328125,0.0512720156555773,0.108740234375,0.3624455780406226,0.947119140625
1495023,100,29168,0.4934353645740025,0.6609983543609435,0.5116567909540197,0.6779347229840922,0.08249840894626784,0.15554717498628634,0.10110009017132551,0.19219692814042785,0.5235908064004182,0.9614303346132749
1496028,1,3792,0.0011334013374135782,0.0026371308016877636,0.023978342142580895,0.0490506329113924,0.056217185299013955,0.23154008438818566,0.05517933283170304,0.2320675105485232,0.05735592565151564,0.9390822784810127
1496028,3,6304,0.04592090021512494,0.08803934010152284,0.05402250937890788,0.10279187817258884,0.04842801985659129,0.1392766497461929,0.047670639219934995,0.13959390862944163,0.08887149338615886,0.8824555837563451
1496028,5,8000,0.10866141732283464,0.207,0.09029300378712378,0.169875,0.04428528195299102,0.10975,0.04365945624131772,0.11,0.11505738503040848,0.901
1496028,10,10944,0.15798791918350344,0.2772295321637427,0.14540289256198347,0.25721856725146197,0.04383138380048555,0.09073464912280702,0.04633912208744218,0.09703947368421052,0.15542964162143288,0.894828216374269
1496028,25,15040,0.2268016581632653,0.3783244680851064,0.22506342367011636,0.3716090425531915,0.055156612366928384,0.13125,0.057716228542996934,0.13882978723404255,0.21846675540343538,0.9166888297872341
1496028,50,18800,0.27651284136342075,0.43409574468085105,0.29393627954779034,0.4563829787234043,0.05444526270347139,0.11404255319148936,0.05835096202276619,0.12324468085106383,0.272522167176801,0.9187765957446808
1496028,100,24048,0.359204368174727,0.5361776447105788,0.3785995324171751,0.5521872920825016,0.059923938739849934,0.12121590153027278,0.0712554432667817,0.1442531603459747,0.3507822942055193,0.9276447105788423
1505025,1,1424,0.0,0.0,0.055517477724468814,0.11376404494382023,0.000900978204908186,0.014747191011235955,0.0010582458516762614,0.0175561797752809,0.025057326725349507,0.9515449438202247
1505025,3,3824,0.027820710973724884,0.056485355648535567,0.04361744697879152,0.08551255230125523,0.0009336704921221553,0.006276150627615063,0.0010760539564198149,0.007322175732217573,0.06900439942326889,0.9762029288702929
1505025,5,5056,0.06629780625121336,0.1350870253164557,0.06404140870800772,0.12480221518987342,0.0010767859795039359,0.005735759493670886,0.001394853723892376,0.007515822784810127,0.0917778845798366,0.982001582278481
1505025,10,6928,0.1021562123039807,0.19558314087759815,0.09762858022790268,0.18302540415704388,0.002224616775000869,0.009237875288683603,0.0025447917741325357,0.010681293302540416,0.12638175163592,0.986864896073903
1505025,25,9824,0.1598530087276068,0.28338762214983715,0.1638960430812456,0.28501628664495116,0.0035741396761133602,0.011502442996742671,0.004167188870785813,0.01353827361563518,0.17963075899539835,0.989413680781759
1505025,50,12912,0.23267781657783496,0.39219330855018586,0.2469689737470167,0.4007125154894672,0.004297911618783893,0.011539653035935564,0.005005434471712145,0.013553283767038415,0.23669863798488291,0.9919454770755886
1505025,100,16512,0.28692111571977624,0.4566375968992248,0.30886214870850154,0.47722868217054265,0.003946061778079758,0.009144864341085272,0.004668412998936639,0.010901162790697675,0.30310813807376746,0.9933987403100775
1521025,1,2704,0.018890200708382526,0.047337278106508875,0.007737988123087997,0.015902366863905327,0.05307676041446394,0.6497781065088757,0.052524357838795395,0.6579142011834319,0.042032156788126725,0.8169378698224852
1521025,3,4464,0.028164748637189582,0.0625,0.03185360894611996,0.06317204301075269,0.05078909612625538,0.396505376344086,0.050755575529464636,0.40479390681003585,0.07552088288459709,0.8891129032258065
1521025,5,5744,0.03776,0.08217270194986072,0.043273425231198745,0.08635097493036212,0.049338280081953595,0.3102367688022284,0.05053220375801021,0.3239902506963788,0.09987632004566645,0.9138231197771588
1521025,10,7856,0.07536645479309897,0.14791242362525459,0.07922392886014551,0.14969450101832993,0.047928343198365725,0.23294297352342158,0.050381011224384716,0.24910896130346233,0.14006279136143088,0.9369908350305499
1521025,25,12048,0.15858026701400196,0.2829515272244356,0.17031053497146173,0.2922476759628154,0.04511064876111216,0.15836653386454183,0.0498891611247229,0.17745683930942896,0.21954838586946182,0.9579183266932271
1521025,50,16768,0.26791072081961215,0.43666507633587787,0.28267131594906003,0.4447757633587786,0.045295273908212974,0.12643129770992367,0.05159284173118416,0.14545562977099236,0.30933855841117053,0.9697638358778626
1521025,100,21680,0.37296233839235526,0.5508763837638376,0.39174135723431497,0.5644833948339484,0.04355579677838299,0.10364391143911439,0.050561581660127704,0.12126383763837638,0.40278121254779614,0.9766143911439115
1533026,1,1456,0.0,0.0,0.03811813186813187,0.07623626373626374,0.0,0.0,0.0,0.0,0.02630010296056791,1.0
1533026,3,4144,0.016968874236400658,0.04222972972972973,0.020371412492965674,0.04367760617760618,0.0,0.0,0.0,0.0,0.07485413919546251,1.0
1533026,5,5968,0.04392063761234526,0.08679624664879357,0.05676600717923032,0.11394101876675604,0.0,0.0,0.0020287894889382666,0.010556300268096515,0.10780152092628384,1.0
1533026,10,9232,0.10226186683657215,0.2086221837088388,0.1371283844901405,0.24631715771230503,0.0012259564574085818,0.0031412478336221837,0.004294102182104987,0.015922876949740036,0.16675999349722728,1.0
1533026,25,14240,0.21574192516789256,0.37900280898876404,0.23369172580850792,0.3861657303370786,0.0023756288429290107,0.0047752808988764045,0.006567682911246838,0.018047752808988765,0.2571299557482164,0.9997191011235955
1533026,50,18640,0.3475456207526993,0.5405042918454935,0.3267178830559112,0.49281115879828324,0.004615670083963446,0.010675965665236051,0.006134969325153374,0.014324034334763949,0.3366025467353021,0.9997854077253219
1533026,100,24528,0.4721607506417633,0.6523972602739726,0.4554265849634692,0.6302592954990215,0.004061058732296641,0.008113176777560339,0.005403873788176243,0.010885518590998042,0.44295132303802043,0.9998369210697978
1544022,1,2880,0.03008849557522124,0.059027777777777776,0.0,0.0,0.04672011033531592,0.18819444444444444,0.02186846759929249,0.09444444444444444,0.0339702009579526,0.6673611111111111
1544022,3,5984,0.04590931095691463,0.09508689839572193,0.04283149525519364,0.08372326203208556,0.09809146561037091,0.22760695187165775,0.09265528915912388,0.2240975935828877,0.07625786163522012,0.7294451871657754
1544022,5,9088,0.053098764771937326,0.10926496478873239,0.0426930330913871,0.0821963028169014,0.10828602488223216,0.1972931338028169,0.09777751987465909,0.1854093309859155,0.122621050988012,0.7777288732394366
1544022,10,14208,0.08455001089561996,0.16385135135135134,0.097104506232023,0.17820945945945946,0.191334018197828,0.36704673423423423,0.1898000070296299,0.38006756756756754,0.19486319535942231,0.8015202702702703
1544022,25,23232,0.20826789604336593,0.3539084022038568,0.20993239729589183,0.3475378787878788,0.26267827842988767,0.4479166666666667,0.26546188694110695,0.46410123966942146,0.327156441975932,0.8366907713498623
1544022,50,31088,0.30809508849094147,0.47317292846114256,0.3223287410323154,0.48993180648481727,0.30491489051399046,0.47076042202779206,0.31244093841160275,0.4892241379310345,0.44240942209801376,0.8554747812660833
1544022,100,38368,0.43014315765958633,0.602220600500417,0.4358735018481873,0.6085279399499584,0.3787263720738926,0.5519703919933278,0.3987530161861317,0.5900750625521268,0.5480614026418947,0.8672591743119266
1554028,1,1728,0.0,0.0,0.0,0.0,0.032813449463236784,0.1875,0.028260487976127787,0.1863425925925926,0.016501198219787745,0.5578703703703703
1554028,3,4976,0.029773596609118165,0.05787781350482315,0.018979250663782084,0.038786173633440515,0.06326111023248458,0.1607717041800643,0.05670503495515854,0.16137459807073956,0.06876898399372035,0.809887459807074
1554028,5,7056,0.04129391935692986,0.09027777777777778,0.046333164410338086,0.09070294784580499,0.09592715465518459,0.19260204081632654,0.08650474915535157,0.19231859410430838,0.10381059598130522,0.8625283446712018
1554028,10,11680,0.09208825701624815,0.17080479452054795,0.07385283736084713,0.13972602739726028,0.14713161849200035,0.28501712328767126,0.12944261781744168,0.28313356164383563,0.17478820738732634,0.8832191780821917
1554028,25,18592,0.17065317387304507,0.2993222891566265,0.1495763232223996,0.2620481927710843,0.1382044076320071,0.2512908777969019,0.16139407214351068,0.31309165232358005,0.2887566763572443,0.9188898450946644
1554028,50,23808,0.2559976977212673,0.4109963037634409,0.21060113728675872,0.3484543010752688,0.16243851614935426,0.28158602150537637,0.1946369460122407,0.3432879704301075,0.37399224152470906,0.9313676075268817
1554028,100,29552,0.3399326508011843,0.5089672441797509,0.28960654596100277,0.45032485110990794,0.2181305986786105,0.3642054683270168,0.2355282565211242,0.39445722793719545,0.47007855433060247,0.9436247969680563
1566028,1,464,0.0,0.0,0.0,0.0,0.0,0.0,0.0,0.0,0.009277216834949515,1.0
1566028,3,3312,0.062193362193362196,0.1301328502415459,0.03686567164179105,0.07457729468599034,0.0034596550989993615,0.0196256038647343,0.037032335861390535,0.3523550724637681,0.06536809509539507,0.9879227053140096
1566028,5,4800,0.05927322232694523,0.11791666666666667,0.04968139107895021,0.09583333333333334,0.003205760505030578,0.013541666666666667,0.04247010007322431,0.29,0.09509539506542802,0.9916666666666667
1566028,10,6944,0.07596876596365759,0.1499135944700461,0.06043219076005961,0.11679147465437788,0.003615425816818425,0.011664746543778802,0.05218625945350758,0.259360599078341,0.13690618762475049,0.9877592165898618
1566028,25,10944,0.10242159587137753,0.18859649122807018,0.1489889848477013,0.26324926900584794,0.0030677170125738523,0.007401315789473684,0.053220117570215546,0.18612938596491227,0.21657652623385953,0.991593567251462
1566028,50,14384,0.15563828509667346,0.27030033370411566,0.2038565208376529,0.3417686318131257,0.003050211168465509,0.006326473859844271,0.055027730889799856,0.15864849833147943,0.28236324896951354,0.985817575083426
1566028,100,17472,0.20804826261332615,0.3533081501831502,0.25780604362042325,0.41065705128205127,0.07006819235098095,0.18171932234432234,0.05650163527686929,0.14337225274725274,0.34134319162045595,0.9829441391941391
1585026,1,1760,0.0022276225192385582,0.00625,0.0,0.0,0.0,0.0,0.0,0.0,0.027651376466691076,0.9011363636363636
1585026,3,3664,0.020344118601882913,0.05131004366812227,0.014291547570436913,0.028657205240174673,0.0,0.0,0.0,0.0,0.0608469759575989,0.9525109170305677
1585026,5,5616,0.030047968141913295,0.05911680911680912,0.048906523945741444,0.09437321937321937,0.0,0.0,0.0,0.0,0.09487943930121868,0.969017094017094
1585026,10,8160,0.11672592997811816,0.20919117647058824,0.08600620796689085,0.16299019607843138,0.0001934610176049526,0.0006127450980392157,0.00023139220979560355,0.0007352941176470588,0.13923322349495265,0.9786764705882353
1585026,25,12048,0.1932053317934652,0.33325033200531207,0.154336856136342,0.2690903054448871,0.0008077000740391734,0.00199203187250996,0.0009733176707501258,0.002407038512616202,0.2070191955646216,0.9855577689243028
1585026,50,15712,0.22981725653481377,0.37939154786150714,0.21559950746498383,0.35660641547861505,0.0007490187853911376,0.0015911405295315683,0.0009265624532982634,0.0019730142566191447,0.27089980298830135,0.9889256619144603
1585026,100,20160,0.2964110096430168,0.4604662698412698,0.28612725944280315,0.4467757936507937,0.022070428092325903,0.04439484126984127,0.021902839986218437,0.0441468253968254,0.34844918667294317,0.9913690476190476
1602026,1,4656,0.01723613505018757,0.03651202749140894,0.007174336373885416,0.015034364261168385,0.11820349150196109,0.9903350515463918,0.11841835163707277,0.9911941580756014,0.05787597460777399,0.6520618556701031
1602026,3,6896,0.0378686823773529,0.07410092807424594,0.03231689524365334,0.06424013921113689,0.12275375801792097,0.7270881670533643,0.12307315279990197,0.7282482598607889,0.10011623697097886,0.7618909512761021
1602026,5,8288,0.05020972119417715,0.09821428571428571,0.05220833848818508,0.10183397683397684,0.12617379284045951,0.6387548262548263,0.1264074427480916,0.6393581081081081,0.1247122829043733,0.791023166023166
1602026,10,10624,0.10126391814625338,0.1900414156626506,0.08870723584620042,0.16547439759036145,0.12725619458967946,0.5269201807228916,0.12837853223125442,0.5306852409638554,0.16522579911272892,0.8203125
1602026,25,14320,0.16910221217503632,0.29252793296089385,0.17355371900826447,0.2962290502793296,0.12897006165646122,0.4250698324022346,0.13016257056751135,0.42828212290502793,0.2311892974566343,0.8543994413407822
1602026,50,18224,0.2548428610132755,0.4129170324846356,0.2588421124922739,0.413630377524144,0.13230111273908052,0.3666593503072871,0.13328574544445104,0.3688542581211589,0.30006965230323224,0.8746707638279192
1602026,100,23264,0.38224381625441695,0.5579865887207703,0.3604834012813046,0.5321096973865199,0.13364424688479196,0.3153370013755158,0.13405539448972523,0.3160247592847318,0.389037809061428,0.8921079779917469
1636026,1,3552,0.012879484820607176,0.03153153153153153,0.011271297509829619,0.02421171171171171,0.11955126039061972,0.49802927927927926,0.11863954651550516,0.5008445945945946,0.04507868310231361,0.7443693693693694
1636026,3,7200,0.021837717156212934,0.043472222222222225,0.023775727466288147,0.04652777777777778,0.09852725395358948,0.25180555555555556,0.09837035443446458,0.2540277777777778,0.10689755083258057,0.8711111111111111
1636026,5,9952,0.08493834709059411,0.1675040192926045,0.044593321469695385,0.08561093247588425,0.0877143127782514,0.18609324758842444,0.08823667527588636,0.18880627009646303,0.15364428009065967,0.9059485530546624
1636026,10,13984,0.11542199587917427,0.21231407322654464,0.10078422237751378,0.18564073226544622,0.09217705510388437,0.18242276887871853,0.1029087400055142,0.21352974828375287,0.21994319438066567,0.924771167048055
1636026,25,21120,0.2234214942994386,0.36557765151515154,0.21485426329954763,0.3553030303030303,0.1311948719307075,0.23451704545454546,0.13161219011526923,0.23678977272727272,0.33671757148426246,0.940625
1636026,50,27136,0.2983046097800196,0.47073997641509435,0.29933242409015864,0.4610112028301887,0.23024100074355947,0.38797169811320753,0.20732551598805762,0.3531471108490566,0.43237314163249463,0.9442069575471698
1636026,100,34224,0.4209401270219719,0.5984104721832632,0.39743120013027194,0.5705060776063581,0.27997554151457316,0.44150303880317904,0.3088185093874455,0.47580645161290325,0.5491342137178278,0.9525771388499299
1638026,1,1696,0.0,0.0,0.019124891335844683,0.03891509433962264,0.0,0.0,0.0,0.0,0.025754457502260006,0.7895047169811321
1638026,3,3920,0.03599000908265213,0.08086734693877551,0.03216675244467319,0.06377551020408163,0.047711253969483385,0.15714285714285714,0.04844506954211596,0.15816326530612246,0.05028925776080463,0.6785714285714286
1638026,5,5776,0.04024048096192385,0.08691135734072022,0.025857654889912953,0.0524584487534626,0.08231900372898052,0.2025623268698061,0.0834929417606583,0.20377423822714683,0.07692884878725918,0.7100069252077562
1638026,10,9152,0.08261037741062055,0.16335227272727273,0.043235704323570434,0.08468094405594405,0.09522419430172817,0.17821241258741258,0.09725245631582044,0.18061625874125875,0.13233486084721136,0.7762237762237763
1638026,25,13488,0.10902686762778506,0.1973606168446026,0.10375793859471705,0.19016903914590746,0.10467384237520769,0.2148576512455516,0.10523830281894798,0.2147835112692764,0.2001621790973259,0.8052342823250297
1638026,50,17136,0.1473546701502286,0.26330532212885155,0.15688848497088426,0.272000466853408,0.13294880214728305,0.27170868347338933,0.13670886075949368,0.2773109243697479,0.2623907775901314,0.8341503267973857
1638026,100,20080,0.19319111630625366,0.3292330677290837,0.1869685876239962,0.31538844621513945,0.14060534696389862,0.2616533864541833,0.14718041557458997,0.27126494023904385,0.31104204753199266,0.8473107569721116
1676022,1,912,0.0,0.0,0.0,0.0,0.0,0.0,0.0,0.0,0.015283246910210924,0.8596491228070176
1676022,3,3168,0.040706499241065265,0.09311868686868686,0.0,0.0,0.006262822589353202,0.036616161616161616,0.007009219819916967,0.041035353535353536,0.0435567505281352,0.7159090909090909
1676022,5,4656,0.031128034269395526,0.0702319587628866,0.03213408775488417,0.06464776632302406,0.008316633266533067,0.03565292096219931,0.009309775264027228,0.03994845360824742,0.05739071141753163,0.6507731958762887
1676022,10,8592,0.05596092738613628,0.11068435754189944,0.06378575776019477,0.12197392923649907,0.00863514419852448,0.02397579143389199,0.008578841647137595,0.023859404096834264,0.09344067331442686,0.5943901303538175
1676022,25,16496,0.13685392493790194,0.24381668283220176,0.13866096669654554,0.24381668283220176,0.11528197829567692,0.2749757516973812,0.11518923037846075,0.27491513094083414,0.1815673674652511,0.6303346265761397
1676022,50,24960,0.24192957161359693,0.39663461538461536,0.26088383009868005,0.4141426282051282,0.1295069586794692,0.2404647435897436,0.12949423056184622,0.2405448717948718,0.29152105316730564,0.6884615384615385
1676022,100,31856,0.35493088923226723,0.526368658965344,0.35798194370685077,0.5290055248618785,0.2223236663086287,0.38984806629834257,0.22190815249476717,0.3893771973882471,0.3913728381820619,0.7331115017579106
1680023,1,3056,0.0,0.0,0.0,0.0,0.0508562120068338,0.418848167539267,0.05020789205303208,0.418848167539267,0.0438114546376077,0.7071335078534031
1680023,3,5264,0.028653780942692438,0.064209726443769,0.03544450900639163,0.06952887537993921,0.04698403419677761,0.24430091185410335,0.04722673893405601,0.248290273556231,0.08839924594085095,0.8284574468085106
1680023,5,6368,0.048803676121058466,0.09673366834170855,0.04459567654123299,0.08746859296482412,0.04516242317822652,0.20194723618090452,0.045415059592063656,0.20524497487437185,0.11059767738797349,0.8569409547738693
1680023,10,8768,0.11538687849367461,0.22365419708029197,0.07922069940384734,0.14701186131386862,0.04219190511682167,0.14849452554744524,0.0440959053802147,0.15647810218978103,0.15905084196234978,0.8951870437956204
1680023,25,12992,0.18513191604117038,0.31704125615763545,0.20324941317255027,0.3399014778325123,0.037526020131740286,0.10129310344827586,0.03929562312439839,0.10683497536945813,0.24346100898858208,0.9256465517241379
1680023,50,17152,0.29338613568229766,0.46216184701492535,0.295935203239838,0.46012126865671643,0.03365200764818355,0.07695895522388059,0.035522448565926824,0.08173973880597014,0.3261748766480628,0.9404151119402985
1680023,100,21168,0.40380459694846443,0.582624716553288,0.365946673503397,0.5394463340891912,0.031003447398255477,0.06330309901738473,0.033025707118363216,0.06779100529100529,0.40738493893068023,0.9517195767195767
170028,1,1392,0.01310824230387289,0.04741379310344827,0.010923535253227408,0.023706896551724137,0.08505812305075135,0.646551724137931,0.061527205001995475,0.6645114942528736,0.02230845591553109,0.8879310344827587
170028,3,3328,0.030156638852291025,0.061899038461538464,0.004971487059511625,0.010216346153846154,0.09822378652697061,0.3605769230769231,0.08100761145342515,0.40294471153846156,0.047289565901451766,0.7947716346153846
170028,5,4880,0.0284863523573201,0.05881147540983606,0.019003335691903368,0.038524590163934426,0.09663003663003664,0.27028688524590166,0.08394180926369768,0.3086065573770492,0.07252555161157984,0.8331967213114754
170028,10,7616,0.06213464696223317,0.12421218487394958,0.05349367613518557,0.1016281512605042,0.10009941593140301,0.2115283613445378,0.11871501336426446,0.3090861344537815,0.11943089141351187,0.8806460084033614
170028,25,13840,0.11892409609705483,0.2153179190751445,0.13498656242365015,0.23952312138728324,0.12228217743215362,0.2226878612716763,0.12458432304038004,0.22738439306358382,0.2184579027194808,0.895014450867052
170028,50,20080,0.21597090734228955,0.3578685258964143,0.21201530535386098,0.35044820717131475,0.16240850323919567,0.28839641434262947,0.16327719521237158,0.3070717131474104,0.32017174903610235,0.9098107569721116
170028,100,26960,0.29729664899613806,0.4597181008902077,0.2751858407079646,0.4325296735905044,0.19485197223930423,0.32908011869436204,0.2586819680554961,0.4481454005934718,0.4326867778532964,0.920919881305638
