alpha_pct,metric,n,mean,std
0,mse,300,0.10029765599717692,0.052743104841143966
0,psnr,300,10.42575839360555,1.8556957165674894
0,ssim,300,0.5317499533543985,0.15433780818322795
0,lpips,300,0.44053915321826936,0.08372645110119052
0,openclip,300,0.8767106119791667,0.033064735964030596
0,dino,300,0.8991631976763408,0.04018157011436342
0,dreamsim,300,0.34630831281344093,0.07495731249604709
1,mse,300,0.05009297104319553,0.027230289986286592
1,psnr,300,13.74169783115387,2.818227904848432
1,ssim,300,0.6213285390535991,0.13550272558538856
1,lpips,300,0.33151951792339485,0.08249663778306252
1,openclip,300,0.90501953125,0.03522514337798948
1,dino,300,0.9229017194112142,0.036166098637121114
1,dreamsim,300,0.25182891885439557,0.07911558948375892
10,mse,300,0.016624030102587572,0.010249501440323161
10,psnr,300,18.570496292114257,2.705940392356276
10,ssim,300,0.7277671815951665,0.11105693597424628
10,lpips,300,0.19542051271845898,0.0654528169387462
10,openclip,300,0.9518245442708333,0.023187277566525822
10,dino,300,0.9521427369117736,0.027810310249006653
10,dreamsim,300,0.09691024263699845,0.041149557273927426
100,mse,300,0.007485264506346188,0.006366899420262381
100,psnr,300,22.30155256907145,2.8860626976601944
100,ssim,300,0.8284396835168203,0.08035269431041835
100,lpips,300,0.09906927344699695,0.040447574892372884
100,openclip,300,0.9729231770833333,0.01563403902601019
100,dino,300,0.970901406009992,0.018609043497697313
100,dreamsim,300,0.039906983971595714,0.0208727414779212
25,mse,300,0.011282324849356226,0.00784157561078007
25,psnr,300,20.335615100860597,2.7426862940015253
25,ssim,300,0.7704645391305288,0.09949568229293562
25,lpips,300,0.14960055866589145,0.055354480282756025
25,openclip,300,0.9628548177083334,0.01776471709949096
25,dino,300,0.9612193936109543,0.023059610738013336
25,dreamsim,300,0.06516186197598771,0.027373410605153574
3,mse,300,0.030979918190084044,0.01713363310867591
3,psnr,300,15.814166990915934,2.751524298657025
3,ssim,300,0.6690785600741704,0.12426613190701208
3,lpips,300,0.2672713751842578,0.07659247728749675
3,openclip,300,0.9286246744791666,0.030709450993436152
3,dino,300,0.9366982694466909,0.03185777343087136
3,dreamsim,300,0.17087274213631948,0.06368427672467634
5,mse,300,0.02386900092630332,0.013695911338679723
5,psnr,300,16.95656827290853,2.6985870990416494
5,ssim,300,0.6939658315976461,0.12009295799160757
5,lpips,300,0.23572233222424985,0.0711511856147175
5,openclip,300,0.9397265625,0.02657917466697764
5,dino,300,0.9433866117397944,0.030506147499203357
5,dreamsim,300,0.13462308526039118,0.053332566218477144
50,mse,300,0.008949936510374101,0.006907898555568314
50,psnr,300,21.433247696558634,2.813487163098977
50,ssim,300,0.8015431579947472,0.08985152806887194
50,lpips,300,0.12064197462052102,0.047655394864315276
50,openclip,300,0.9685514322916666,0.016148807554735533
50,dino,300,0.9663722588618596,0.021002385106444987
50,dreamsim,300,0.049906358122825574,0.02404345726733184
