seed,alpha_pct,n,metric,mean,std
1,0,300,dino,0.8991631976763408,0.04018157011436342
1,0,300,dreamsim,0.34630831281344093,0.07495731249604709
1,0,300,lpips,0.44053915321826936,0.08372645110119052
1,0,300,mse,0.10029765599717692,0.052743104841143966
1,0,300,openclip,0.8767106119791667,0.033064735964030596
1,0,300,psnr,10.42575839360555,1.8556957165674894
1,0,300,ssim,0.5317499533543985,0.15433780818322795
1,1,300,dino,0.9128255778551102,0.038189227784462716
1,1,300,dreamsim,0.25658810873826343,0.07179507155223437
1,1,300,lpips,0.3560173729558786,0.08663255230379151
1,1,300,mse,0.06774611157597969,0.037250777313249175
1,1,300,openclip,0.9009358723958333,0.03338978739493059
1,1,300,psnr,12.372890566190083,2.6106916273069802
1,1,300,ssim,0.5848229470352332,0.14766162754010406
1,3,300,dino,0.9221308201551437,0.03696649963546442
1,3,300,dreamsim,0.19497715135415394,0.06702662719472315
1,3,300,lpips,0.30511856101453305,0.08326837102645604
1,3,300,mse,0.05424415954233453,0.03703088257164573
1,3,300,openclip,0.920244140625,0.033687031291610256
1,3,300,psnr,13.50616946220398,2.8186110071079455
1,3,300,ssim,0.6204745645324389,0.1422571146714856
1,5,300,dino,0.9302893298864364,0.03345462977179272
1,5,300,dreamsim,0.16223450144131976,0.060843640168416244
1,5,300,lpips,0.27737813971936703,0.07752215979060569
1,5,300,mse,0.04453776254085819,0.030120936129822532
1,5,300,openclip,0.9299007161458334,0.03006935346859467
1,5,300,psnr,14.350885303815206,2.839418207993369
1,5,300,ssim,0.6449168806274732,0.13769444990156643
1,10,300,dino,0.9405900279680888,0.03022978927080569
1,10,300,dreamsim,0.12115231752395625,0.04654156150024637
1,10,300,lpips,0.23125829567511877,0.06986990187357664
1,10,300,mse,0.031171853830649788,0.019956230425616873
1,10,300,openclip,0.9439485677083334,0.026224593514150053
1,10,300,psnr,15.869867226282755,2.802942242345423
1,10,300,ssim,0.6862373940149943,0.12885598714269753
1,25,300,dino,0.9543739034732183,0.027423892585355235
1,25,300,dreamsim,0.07940665960311885,0.03437158304314319
1,25,300,lpips,0.1737028128157059,0.057815803951242056
1,25,300,mse,0.018594003446244897,0.013118241233028124
1,25,300,openclip,0.9574641927083334,0.0227007123171835
1,25,300,psnr,18.21278751373291,2.865989730790977
1,25,300,ssim,0.7473545045653979,0.10801334162540188
1,50,300,dino,0.9638431272904078,0.023094516823529174
1,50,300,dreamsim,0.05471127827962235,0.025999103232914288
1,50,300,lpips,0.13245244474460677,0.05011684211990374
1,50,300,mse,0.01198465864639724,0.009886021363499402
1,50,300,openclip,0.9667317708333333,0.01920918408951914
1,50,300,psnr,20.26331348101298,2.9577955927899002
1,50,300,ssim,0.7919326492150625,0.09204870929926867
1,100,300,dino,0.970901406009992,0.018609043497697313
1,100,300,dreamsim,0.039906983971595714,0.0208727414779212
1,100,300,lpips,0.09906927344699695,0.040447574892372884
1,100,300,mse,0.007485264506346188,0.006366899420262381
1,100,300,openclip,0.9729231770833333,0.01563403902601019
1,100,300,psnr,22.30155256907145,2.8860626976601944
1,100,300,ssim,0.8284396835168203,0.08035269431041835
2,1,300,dino,0.9112231453259786,0.03867015667003788
2,1,300,dreamsim,0.25862164338429766,0.08118473764529753
2,1,300,lpips,0.3592449354132016,0.08819575827361732
2,1,300,mse,0.07220743748048937,0.04575563133362962
2,1,300,openclip,0.9008902994791667,0.03648859719652994
2,1,300,psnr,12.228762000401815,2.772163479878964
2,1,300,ssim,0.5801807720462481,0.15399054471565293
2,3,300,dino,0.9232030751307806,0.03496948323523074
2,3,300,dreamsim,0.1918339208761851,0.06854915403313787
2,3,300,lpips,0.3041667514046033,0.08189275884773849
2,3,300,mse,0.053501133321163505,0.037386890712612766
2,3,300,openclip,0.9208430989583334,0.03254026516280958
2,3,300,psnr,13.60230079650879,2.909453303428302
2,3,300,ssim,0.6211750921110312,0.14592422385798376
2,5,300,dino,0.9299617779254913,0.033642477838856925
2,5,300,dreamsim,0.16056404948234554,0.05839954100278462
2,5,300,lpips,0.2764033431559801,0.07823173585433676
2,5,300,mse,0.04429877671374314,0.03164824348774551
2,5,300,openclip,0.93111328125,0.028999018241938748
2,5,300,psnr,14.471805488268535,2.995792850353039
2,5,300,ssim,0.6460989109675089,0.13948456395108078
2,10,300,dino,0.9403581651051839,0.03125647640176161
2,10,300,dreamsim,0.12323381324609116,0.04839200919760579
2,10,300,lpips,0.23452637199312448,0.06907707217472676
2,10,300,mse,0.032357893162406934,0.02176580633319741
2,10,300,openclip,0.9427945963541666,0.02603435899487022
2,10,300,psnr,15.76275390625,2.861372456417699
2,10,300,ssim,0.6858267427484195,0.12660870678733296
2,25,300,dino,0.954300637046496,0.028466117396940147
2,25,300,dreamsim,0.07982476294040675,0.03391920830584441
2,25,300,lpips,0.17346735050280887,0.057578651832406895
2,25,300,mse,0.018310435868722028,0.012311922363592643
2,25,300,openclip,0.9574967447916667,0.02121571693914119
2,25,300,psnr,18.241221157709756,2.8176175554114313
2,25,300,ssim,0.7472724400957426,0.10626641912708552
2,50,300,dino,0.9644671720266342,0.022657343723696786
2,50,300,dreamsim,0.05472828567028041,0.026075999829240467
2,50,300,lpips,0.1318449937800566,0.04918423156824964
2,50,300,mse,0.0114389699955548,0.008486527289969523
2,50,300,openclip,0.9663932291666667,0.018622014229887327
2,50,300,psnr,20.34471985181173,2.8291401711695063
2,50,300,ssim,0.7916255229711533,0.09296640857382234
3,1,300,dino,0.9132823991775513,0.037542157341666466
3,1,300,dreamsim,0.25400904556115467,0.07821473749999217
3,1,300,lpips,0.35385428080956144,0.08535968227077834
3,1,300,mse,0.06842878568296626,0.04228171925558683
3,1,300,openclip,0.9031412760416667,0.034635852603744674
3,1,300,psnr,12.401412386894226,2.6623138206584014
3,1,300,ssim,0.5851754818360011,0.14891691180537678
3,3,300,dino,0.923567480246226,0.03509200585469102
3,3,300,dreamsim,0.19610238273938496,0.06785943819551142
3,3,300,lpips,0.3107324747989575,0.08170616857290064
3,3,300,mse,0.05539203285976929,0.03764580232077614
3,3,300,openclip,0.9208235677083333,0.03194243329058617
3,3,300,psnr,13.41009251912435,2.8323032536470825
3,3,300,ssim,0.6157954220473766,0.14427786413095045
3,5,300,dino,0.9314631976683935,0.031872798677785315
3,5,300,dreamsim,0.16330119828383124,0.061746877417072216
3,5,300,lpips,0.2791617801537116,0.08037732124473215
3,5,300,mse,0.04502270771811401,0.031142295148014913
3,5,300,openclip,0.9301888020833333,0.029335441072506036
3,5,300,psnr,14.324839604695638,2.83679760813229
3,5,300,ssim,0.6433125852545103,0.13811118542277662
3,10,300,dino,0.940770468711853,0.02982326096076037
3,10,300,dreamsim,0.12235660572846725,0.04979386181563123
3,10,300,lpips,0.23176559577385583,0.07135078313845139
3,10,300,mse,0.03189818671206008,0.024455646103888284
3,10,300,openclip,0.9425227864583333,0.027978880944591264
3,10,300,psnr,15.851815099716186,2.8385977769875126
3,10,300,ssim,0.6869031367699305,0.1275051347781603
3,25,300,dino,0.9553445420662562,0.02682607827512418
3,25,300,dreamsim,0.07800499220689133,0.03524664528800217
3,25,300,lpips,0.17119554844995338,0.05902640646910313
3,25,300,mse,0.017969941355598422,0.012362011318438532
3,25,300,openclip,0.9589680989583333,0.021345257811214765
3,25,300,psnr,18.341366497675576,2.839063402686147
3,25,300,ssim,0.7484869628151258,0.10806204136524807
3,50,300,dino,0.9648991417884827,0.022112637690247898
3,50,300,dreamsim,0.05427399516105647,0.02541190185382186
3,50,300,lpips,0.13143774033834532,0.049317616435074554
3,50,300,mse,0.011780293296712093,0.00971942869822299
3,50,300,openclip,0.9675553385416666,0.01777112924960307
3,50,300,psnr,20.302011699676513,2.8908626875442756
3,50,300,ssim,0.7919782532254854,0.09284862833772974
4,1,300,dino,0.9132647015651068,0.038511689812114544
4,1,300,dreamsim,0.25523596664269765,0.07729866829427033
4,1,300,lpips,0.35754119644562404,0.08526000345973249
4,1,300,mse,0.0691381088706354,0.04079385110302306
4,1,300,openclip,0.9028483072916667,0.03509393104363658
4,1,300,psnr,12.323238776524862,2.596176248073379
4,1,300,ssim,0.5834366858502229,0.14899491411733018
4,3,300,dino,0.9244178760051728,0.03554637411693239
4,3,300,dreamsim,0.1912265227238337,0.06762750379012471
4,3,300,lpips,0.3053608143826326,0.08258703534183198
4,3,300,mse,0.051925854350750596,0.03259773558731319
4,3,300,openclip,0.9221988932291667,0.032721765149371085
4,3,300,psnr,13.65080741405487,2.7982423114592505
4,3,300,ssim,0.6226659958561261,0.14332489478899038
4,5,300,dino,0.931167617837588,0.033266988961529666
4,5,300,dreamsim,0.16361359556516009,0.06230130094191882
4,5,300,lpips,0.2751561775058508,0.07505307000218119
4,5,300,mse,0.04331510143509751,0.028604008247691194
4,5,300,openclip,0.9305240885416667,0.030162996728863873
4,5,300,psnr,14.460195450782775,2.799315504185113
4,5,300,ssim,0.6466130458315213,0.1358072437507827
4,10,300,dino,0.9412161852916082,0.030950191334577302
4,10,300,dreamsim,0.12170510113239284,0.04857296604491427
4,10,300,lpips,0.23144867894550164,0.06960027535696726
4,10,300,mse,0.03136546268903956,0.021565899773778607
4,10,300,openclip,0.9433723958333333,0.026264495435860832
4,10,300,psnr,15.877771201133728,2.8201453764149895
4,10,300,ssim,0.6870656993985176,0.12626448050947112
4,25,300,dino,0.9560095216830572,0.024821978155570915
4,25,300,dreamsim,0.07679401139418279,0.031917498512253416
4,25,300,lpips,0.17123674100885788,0.058035526023331535
4,25,300,mse,0.017808574564987745,0.011838518085900883
4,25,300,openclip,0.9589469401041667,0.021729588761579252
4,25,300,psnr,18.327489086786905,2.770881877732603
4,25,300,ssim,0.749199310640494,0.10767726478084476
4,50,300,dino,0.9643933141231537,0.022072800511596248
4,50,300,dreamsim,0.05454512437184647,0.026458425927101334
4,50,300,lpips,0.13153458432604864,0.049625061125939965
4,50,300,mse,0.011630767244690358,0.009118258690473427
4,50,300,openclip,0.9668017578125,0.01928219348178095
4,50,300,psnr,20.31434726079305,2.8713282740622117
4,50,300,ssim,0.7925884213050206,0.09230407269746305
5,1,300,dino,0.9118897467851639,0.0392505492503289
5,1,300,dreamsim,0.2571080094575882,0.07741192920528121
5,1,300,lpips,0.35935680573185286,0.08368738335364159
5,1,300,mse,0.07083001365264252,0.0446073491002675
5,1,300,openclip,0.9013199869791667,0.03686708850438421
5,1,300,psnr,12.223519889513652,2.5457421267589
5,1,300,ssim,0.5799316331744194,0.14598613669273308
5,3,300,dino,0.922933529218038,0.03473018655280434
5,3,300,dreamsim,0.1962276271979014,0.07051159780713692
5,3,300,lpips,0.30868934785326324,0.08240965641176973
5,3,300,mse,0.05436925495431443,0.035411402563081305
5,3,300,openclip,0.9198714192708334,0.03354052979064289
5,3,300,psnr,13.479047462145488,2.7980366181998777
5,3,300,ssim,0.6191797848542532,0.1425282278450006
5,5,300,dino,0.9306026375293732,0.033873287480923144
5,5,300,dreamsim,0.1649219258626302,0.06624153927361509
5,5,300,lpips,0.2763402724514405,0.08025126766810599
5,5,300,mse,0.04376239028720491,0.028691644339679332
5,5,300,openclip,0.9288818359375,0.03119683288001147
5,5,300,psnr,14.427716275850932,2.8251052774406906
5,5,300,ssim,0.6467266507943471,0.13960460228458177
5,10,300,dino,0.9412930659453074,0.029884076057617413
5,10,300,dreamsim,0.12221436162789658,0.04900480823228927
5,10,300,lpips,0.23235003096361956,0.07073903174899054
5,10,300,mse,0.03190165042527947,0.023088129289118915
5,10,300,openclip,0.9433317057291667,0.026245456694646407
5,10,300,psnr,15.847603034973144,2.844506949445239
5,10,300,ssim,0.6871881674230099,0.1300872358024152
5,25,300,dino,0.956237894097964,0.025170604949396824
5,25,300,dreamsim,0.07775351802508032,0.033760850116337185
5,25,300,lpips,0.17225418197611966,0.05762459784039221
5,25,300,mse,0.018429109038552223,0.01281762423652492
5,25,300,openclip,0.9581559244791666,0.02082710336693364
5,25,300,psnr,18.22774207750956,2.8362348520270695
5,25,300,ssim,0.7481262544790904,0.10766329562131598
5,50,300,dino,0.9646950107812882,0.021808363185521703
5,50,300,dreamsim,0.05446805675824479,0.026121855088926005
5,50,300,lpips,0.13106345102190967,0.04908182914529241
5,50,300,mse,0.011517297180447056,0.008755353989516752
5,50,300,openclip,0.9669401041666666,0.01763627840637335
5,50,300,psnr,20.34782223065694,2.8718118142667004
5,50,300,ssim,0.7926308408379554,0.0924934600064403
6,1,300,dino,0.9125073838233948,0.036357021299588906
6,1,300,dreamsim,0.2586545467376709,0.07911254087978051
6,1,300,lpips,0.35844508712490397,0.0876969183857488
6,1,300,mse,0.06938185680968062,0.039647836060796096
6,1,300,openclip,0.9009879557291667,0.03474990424109363
6,1,300,psnr,12.326872289975483,2.698289566328298
6,1,300,ssim,0.5805033875505129,0.15225129202773005
6,3,300,dino,0.9239766643444697,0.03335798649286079
6,3,300,dreamsim,0.19247586329778035,0.06541099231653122
6,3,300,lpips,0.3047147829333941,0.07992489789676274
6,3,300,mse,0.052307007133495016,0.032334195676985054
6,3,300,openclip,0.9217366536458333,0.030358433110163327
6,3,300,psnr,13.59400822321574,2.7327562691005247
6,3,300,ssim,0.6205298389246067,0.1476202351744792
6,5,300,dino,0.9307380290826162,0.030831746084750707
6,5,300,dreamsim,0.16266225198904669,0.057232182966385596
6,5,300,lpips,0.27630083416899043,0.07371844717717797
6,5,300,mse,0.04430866096556803,0.02817182240311611
6,5,300,openclip,0.9311083984375,0.028347365513593667
6,5,300,psnr,14.340971554120381,2.7792448460246946
6,5,300,ssim,0.6442430452505747,0.1390790299057637
6,10,300,dino,0.9412428569793702,0.02821667137462134
6,10,300,dreamsim,0.12100898305575049,0.04539563743324012
6,10,300,lpips,0.23176727625230947,0.06966211667679534
6,10,300,mse,0.031053032464891005,0.019724673339080418
6,10,300,openclip,0.9438167317708334,0.025218473988055854
6,10,300,psnr,15.898830922444661,2.8112853651896583
6,10,300,ssim,0.6859655338525772,0.12857320762553734
6,25,300,dino,0.9553711424271266,0.024717583221692596
6,25,300,dreamsim,0.07830743094285325,0.03409310532369622
6,25,300,lpips,0.17172306773563223,0.05933981636442476
6,25,300,mse,0.01832301552077595,0.013039316621016313
6,25,300,openclip,0.9582210286458334,0.021530492440889067
6,25,300,psnr,18.29916803042094,2.8999412160489997
6,25,300,ssim,0.7476449583967527,0.10970831916448408
6,50,300,dino,0.9643863181273142,0.022373740391935064
6,50,300,dreamsim,0.054666023850440934,0.026140804191813836
6,50,300,lpips,0.13115765341868,0.049192996387062496
6,50,300,mse,0.011522392368642564,0.009077891304937141
6,50,300,openclip,0.9672884114583333,0.017490538438962085
6,50,300,psnr,20.36917685508728,2.879590232481998
6,50,300,ssim,0.79310948352019,0.0930546644830837
7,1,300,dino,0.9107870382070541,0.03923099088487137
7,1,300,dreamsim,0.2623185729980469,0.07614272467157139
7,1,300,lpips,0.36212920849521957,0.08497613738706779
7,1,300,mse,0.07167397121898825,0.046345977329831825
7,1,300,openclip,0.8991682942708333,0.03518834057942723
7,1,300,psnr,12.19696506023407,2.6233785811163153
7,1,300,ssim,0.5781659900459151,0.15132581691374575
7,3,300,dino,0.9234964982668559,0.03396501799567013
7,3,300,dreamsim,0.19258907934029898,0.06505164411926588
7,3,300,lpips,0.3065777153521776,0.08355140722953111
7,3,300,mse,0.05299686392613992,0.033805471794028846
7,3,300,openclip,0.92033203125,0.03261773217062953
7,3,300,psnr,13.567236099243164,2.7796311562809564
7,3,300,ssim,0.621303692907095,0.14418159473153136
7,5,300,dino,0.930258356332779,0.03204593460737787
7,5,300,dreamsim,0.16390461564064024,0.05969472159073434
7,5,300,lpips,0.2763236214965582,0.07608983029867124
7,5,300,mse,0.04341793416921665,0.02713190682649075
7,5,300,openclip,0.9300960286458333,0.029545364430227948
7,5,300,psnr,14.417306861877442,2.782784171195639
7,5,300,ssim,0.6471769442160924,0.1372715992910736
7,10,300,dino,0.9404511310656866,0.029871895224917833
7,10,300,dreamsim,0.1230824075142542,0.04741208987499824
7,10,300,lpips,0.23296677408119043,0.07015421381236006
7,10,300,mse,0.03131558772642161,0.019338200799184847
7,10,300,openclip,0.9427587890625,0.02559498762703748
7,10,300,psnr,15.865069087346395,2.8399735970197852
7,10,300,ssim,0.6865836825966835,0.1276262430679152
7,25,300,dino,0.9550280682245891,0.02610809066424277
7,25,300,dreamsim,0.07789593656857803,0.03281890388609981
7,25,300,lpips,0.1727452823271354,0.059827438389791474
7,25,300,mse,0.01860378800503284,0.014300584346767516
7,25,300,openclip,0.9588053385416667,0.020178000070362988
7,25,300,psnr,18.270171960194904,2.9120964355175283
7,25,300,ssim,0.7490871314207713,0.10784026020588161
7,50,300,dino,0.964580127398173,0.021682239785468613
7,50,300,dreamsim,0.05459005932013189,0.02605799896681114
7,50,300,lpips,0.13169643954684332,0.04984742269236966
7,50,300,mse,0.011768235197911609,0.009250445217587755
7,50,300,openclip,0.9670963541666666,0.0181738271392628
7,50,300,psnr,20.290977516174316,2.9138809761429347
7,50,300,ssim,0.792102167805036,0.09381455151883289
8,1,300,dino,0.910470445950826,0.039764664024825994
8,1,300,dreamsim,0.256935018102328,0.08065923711847074
8,1,300,lpips,0.36136278688907625,0.08630148176407992
8,1,300,mse,0.0721550534262011,0.048014724074429284
8,1,300,openclip,0.9033186848958333,0.03412856983859284
8,1,300,psnr,12.203674166202545,2.664071251544963
8,1,300,ssim,0.580533309529225,0.14755251803370525
8,3,300,dino,0.9219872643550237,0.03660335863556541
8,3,300,dreamsim,0.19202054679393768,0.06726705747862768
8,3,300,lpips,0.30452522767086826,0.08053293500847583
8,3,300,mse,0.05312378935360656,0.03736690654337827
8,3,300,openclip,0.9213948567708333,0.03227199497547037
8,3,300,psnr,13.566928288141886,2.7111492346060078
8,3,300,ssim,0.6224126587808132,0.14479026801380993
8,5,300,dino,0.9288359578450521,0.035197523931916844
8,5,300,dreamsim,0.16334507783253988,0.06128281257962294
8,5,300,lpips,0.2754024791469177,0.07723628778588093
8,5,300,mse,0.04426947526711345,0.031144457647827046
8,5,300,openclip,0.9306070963541667,0.029366590097300582
8,5,300,psnr,14.406601729393005,2.8685157164537927
8,5,300,ssim,0.646054196258386,0.13839979794505536
8,10,300,dino,0.9411387614409129,0.029771200342027494
8,10,300,dreamsim,0.1224728377660115,0.05057796638926453
8,10,300,lpips,0.2314843017483751,0.06986731158592131
8,10,300,mse,0.03178983002978683,0.02152019361996208
8,10,300,openclip,0.9443766276041666,0.024524385530525168
8,10,300,psnr,15.857918519973754,2.8976317831053784
8,10,300,ssim,0.6860981883605322,0.12786973532296975
8,25,300,dino,0.9552443901697795,0.024131077063582928
8,25,300,dreamsim,0.07688203136126195,0.03240617634621572
8,25,300,lpips,0.1712768437961737,0.05833760723245434
8,25,300,mse,0.018357650888695645,0.013408473457732694
8,25,300,openclip,0.9589225260416666,0.01894077954897734
8,25,300,psnr,18.294598353703815,2.87219329757958
8,25,300,ssim,0.7469425272941589,0.10919207679283084
8,50,300,dino,0.9650056491295497,0.021241060101800588
8,50,300,dreamsim,0.05421958665053045,0.025725647028968197
8,50,300,lpips,0.13107674884299433,0.04938480009629236
8,50,300,mse,0.011618526575815193,0.008973013032415888
8,50,300,openclip,0.96732421875,0.016903525721173644
8,50,300,psnr,20.33972822189331,2.9149197701242633
8,50,300,ssim,0.792243616382281,0.09343487169576421
9,1,300,dino,0.9117440507809321,0.03794010098818608
9,1,300,dreamsim,0.25711664895216624,0.0738042077804149
9,1,300,lpips,0.36209298595786094,0.08363126874120282
9,1,300,mse,0.07235301019158209,0.04844284417881818
9,1,300,openclip,0.9017919921875,0.03466618534708326
9,1,300,psnr,12.206818936665853,2.7003552843946106
9,1,300,ssim,0.5810909565786521,0.1481996632474162
9,3,300,dino,0.9222691565752029,0.035819517919659545
9,3,300,dreamsim,0.19296100596586863,0.06501350751049635
9,3,300,lpips,0.3050663198282321,0.08192900135982364
9,3,300,mse,0.052703881761602386,0.035136755612765684
9,3,300,openclip,0.9219661458333334,0.030438210661406194
9,3,300,psnr,13.627558849652608,2.8367537030181738
9,3,300,ssim,0.6218082579473655,0.1452593245149215
9,5,300,dino,0.9302010464668274,0.03413644448440966
9,5,300,dreamsim,0.16343096315860747,0.059730668357207604
9,5,300,lpips,0.27540866315364837,0.07620903705157098
9,5,300,mse,0.04311432104635358,0.02754605729115909
9,5,300,openclip,0.9315625,0.028683564793246002
9,5,300,psnr,14.45984010219574,2.7776299981613826
9,5,300,ssim,0.6467296942075094,0.14052161969109198
9,10,300,dino,0.9415006391207377,0.029332104973180034
9,10,300,dreamsim,0.12095654805501298,0.046846117140603966
9,10,300,lpips,0.23163123697042465,0.06835293965083804
9,10,300,mse,0.031190490088968802,0.020274946575473175
9,10,300,openclip,0.9443587239583333,0.025753510174730227
9,10,300,psnr,15.837628386815389,2.670105716722107
9,10,300,ssim,0.687073237200578,0.1276096830033098
9,25,300,dino,0.956316815217336,0.02447864684871495
9,25,300,dreamsim,0.07723401347796117,0.03316817368248125
9,25,300,lpips,0.17132611780116952,0.05857828573129341
9,25,300,mse,0.01804363354031613,0.012560220202729252
9,25,300,openclip,0.9584065755208333,0.021249320560760173
9,25,300,psnr,18.353218002319338,2.9050238882426833
9,25,300,ssim,0.7472680455446243,0.11056239705999636
9,50,300,dino,0.9647776571909586,0.02062640020770007
9,50,300,dreamsim,0.055024036765098525,0.025288602172715665
9,50,300,lpips,0.13212895482778544,0.04896981184732613
9,50,300,mse,0.011889992824289899,0.009656509713308798
9,50,300,openclip,0.9671207682291667,0.017753595587960837
9,50,300,psnr,20.297662960688275,2.975743199716871
9,50,300,ssim,0.791106179356575,0.09449860148576934
10,1,300,dino,0.9139379598697026,0.03495845842243072
10,1,300,dreamsim,0.25791789511839547,0.07938921169965933
10,1,300,lpips,0.3620316092669964,0.08826129710312326
10,1,300,mse,0.07180534553714092,0.04163942567576867
10,1,300,openclip,0.900400390625,0.035987553111475105
10,1,300,psnr,12.201671727498372,2.756845729613583
10,1,300,ssim,0.5780192694130043,0.15480642706477393
10,3,300,dino,0.9230519914627076,0.035697313033634555
10,3,300,dreamsim,0.19349485834439592,0.06637844787104444
10,3,300,lpips,0.30665023314456147,0.08475486606793624
10,3,300,mse,0.054505203831940845,0.0380939898860203
10,3,300,openclip,0.9199479166666666,0.03247711676717606
10,3,300,psnr,13.555327466328938,2.915769165821188
10,3,300,ssim,0.6205403584241868,0.14751857376668023
10,5,300,dino,0.9306951522827148,0.03224555113173056
10,5,300,dreamsim,0.16392612437407172,0.05979131861162013
10,5,300,lpips,0.2758836608255903,0.07700319220786013
10,5,300,mse,0.04324456673425928,0.026301704632805643
10,5,300,openclip,0.9294986979166666,0.029784676326444506
10,5,300,psnr,14.434496828715007,2.770966086507029
10,5,300,ssim,0.6443609449267388,0.13992040682533985
10,10,300,dino,0.9420093824466069,0.027779595792492392
10,10,300,dreamsim,0.12370936373869573,0.050035254010816176
10,10,300,lpips,0.2326107856631279,0.07028073005070681
10,10,300,mse,0.032106273587172184,0.02112787397930888
10,10,300,openclip,0.943212890625,0.026065969025170402
10,10,300,psnr,15.814017550150554,2.892221782729114
10,10,300,ssim,0.6846449221173923,0.1283827834361563
10,25,300,dino,0.9561485425631205,0.024253363573891865
10,25,300,dreamsim,0.07763076086839035,0.03364049988496069
10,25,300,lpips,0.1717909192914764,0.05868481896623757
10,25,300,mse,0.018583101136997914,0.013393218387667685
10,25,300,openclip,0.9589485677083334,0.01976170935349082
10,25,300,psnr,18.29183197975159,3.0029264416574435
10,25,300,ssim,0.7461163303256035,0.11050887585515652
10,50,300,dino,0.9645078772306442,0.021120479386519612
10,50,300,dreamsim,0.05476294477780655,0.025391148750611697
10,50,300,lpips,0.13124861006935432,0.048794190837290405
10,50,300,mse,0.011797621832035124,0.009503059058668996
10,50,300,openclip,0.9669059244791667,0.017862069478132497
10,50,300,psnr,20.31284542719523,2.949979185177005
10,50,300,ssim,0.7915778974692027,0.0927425837943431
