sketch,sketch_name,ratio,n,mse_mean,mse_std,psnr_mean,psnr_std,ssim_mean,ssim_std,lpips_mean,lpips_std,openclip_mean,openclip_std,dino_mean,dino_std,dreamsim_mean,dreamsim_std
0,XDoG,0.0,3000,0.12959804230431712,0.03941116525244551,9.073745405356089,1.3400940617141819,0.38323539131876894,0.12922305564892697,0.51056721346577,0.07184889785681368,0.8494690755208333,0.04244551407358518,0.8645688631335894,0.049645875182499674,0.40543506983915967,0.07852905788234923
0,XDoG,0.01,3000,0.07092083947934827,0.03515751782388618,12.038165821552276,2.275587952284086,0.45919139184784336,0.14200170863407993,0.42822491566836834,0.07987320140962778,0.8724677734375,0.04740911340791724,0.8802862410942713,0.050411554494587216,0.30669750867287315,0.08906370609715589
0,XDoG,0.03,3000,0.04923298583963571,0.02733114399530273,13.703866146087647,2.400437051373949,0.49439431914420373,0.13751708759963668,0.3698284496044119,0.07852690539415458,0.8986360677083334,0.04357238954976397,0.8993357012470563,0.04801538107874656,0.22317208284139634,0.07776473029023852
0,XDoG,0.05,3000,0.04061149783704115,0.024471478689829747,14.600963927427928,2.481552798210748,0.5146718325935944,0.13487660799288698,0.34052951421091954,0.07812671846284248,0.9113904622395833,0.041124208244331745,0.908473341246446,0.046630730145105784,0.1870983716448148,0.07237597473509513
0,XDoG,0.1,3000,0.032030083706757626,0.02191941371991107,15.744342626094818,2.62412348713331,0.5430342154401684,0.13047653518025099,0.3052079622199138,0.07734071537607133,0.92466943359375,0.03835248303219672,0.9183487499952316,0.044475091073609516,0.15008691281080241,0.06436136073970143
0,XDoG,0.25,3000,0.025518871779398326,0.020710666036992356,16.903177670319874,2.8173870499992826,0.5791049625076994,0.12449126807908581,0.26714665644864244,0.07808191740152019,0.93704638671875,0.03343815879789639,0.9293865213592847,0.04092208388325271,0.11788782362143195,0.05537391411521392
0,XDoG,0.5,3000,0.023562325919900665,0.021461419527389607,17.379985945065815,2.948130595281712,0.6041593361644094,0.12179055978339894,0.24593071285635232,0.08016351993579278,0.9421827799479167,0.03063310347298917,0.9352985248963038,0.03869107122541509,0.10447808112700777,0.05151143135144511
0,XDoG,1.0,3000,0.023534467234353797,0.023720967044292777,17.545129071235657,3.104441889764479,0.6214795269717773,0.1161058903467363,0.24049999414384365,0.08371505417004053,0.9428806966145833,0.029904549506270972,0.9376235199371974,0.038368602977317444,0.1010868389010429,0.05090454718741713
1,pysimp,0.0,3000,0.11581550788506861,0.037023780288143515,9.591429966449738,1.4453298721890273,0.5406041053532487,0.12009113205396918,0.4705599084794521,0.07617421593201548,0.8596023763020834,0.042784318515635564,0.8740757336219152,0.048283512152812756,0.3789312583804131,0.07518628110811243
1,pysimp,0.01,3000,0.05131668960256498,0.027042980289699054,13.523356336434682,2.4909816075435907,0.6156042740741299,0.13307128762933212,0.35603556925058366,0.08754092133555144,0.8907722981770834,0.042926189876966184,0.893526646176974,0.04850069328746862,0.26593004701534906,0.08266899020374098
1,pysimp,0.03,3000,0.032714384589926294,0.01756867842671687,15.47073819732666,2.4372583180897984,0.6480129938521908,0.12143159107233316,0.30197529021898906,0.08112761380658907,0.9142804361979167,0.039097808072948825,0.9099658074975013,0.04492080782751779,0.18745280023415883,0.07134517567414314
1,pysimp,0.05,3000,0.026121919347904574,0.014732800978941038,16.46558169523875,2.4361465733019343,0.6645182168383326,0.11524638875204797,0.2761620523283879,0.07639307915632926,0.9251139322916667,0.03628515724470793,0.9177542966206869,0.04294035038140611,0.1552008461952209,0.06408228769113287
1,pysimp,0.1,3000,0.02010917275507619,0.012472003313130794,17.659929242769877,2.4926479847329563,0.6855295225182102,0.10726938613716012,0.24481937506670753,0.07059002604025191,0.9370213216145833,0.03211356321550448,0.9268059829274813,0.04020027414433523,0.12217135844628012,0.054121094854670926
1,pysimp,0.25,3000,0.01594899206934492,0.011579709241725243,18.784853415489195,2.623326508476415,0.7083045633930888,0.0996370774682525,0.21507899034147462,0.06732782597562319,0.94673974609375,0.02776982681437711,0.9360380436182022,0.037431253258475086,0.09720295701424277,0.04576485554348247
1,pysimp,0.5,3000,0.014686353569462227,0.012484844979453279,19.282347917556763,2.7614838525619074,0.7244099424281643,0.0972441678372844,0.19961817529735465,0.06741504401745527,0.9504085286458334,0.02638353922544532,0.941046537776788,0.03585300199341533,0.08710298856099442,0.0433024897088971
1,pysimp,1.0,3000,0.015139038727385876,0.016051046168863856,19.431996870040894,3.027781161541864,0.73478491469721,0.093663725407769,0.19392818718527755,0.06995396976514047,0.9517083333333334,0.025474768469673264,0.9440455158750216,0.03407387886926099,0.08285179128249483,0.04193118603205803
2,sketchkeras,0.0,3000,0.12034141097279882,0.03837307526420482,9.42892289463679,1.465118676569108,0.525513033612761,0.13016310111610305,0.4443028220484654,0.06721074999679481,0.8756354166666667,0.03562195374024042,0.899430781284968,0.03963303153491051,0.35092630694309873,0.07124088632802042
2,sketchkeras,0.01,3000,0.05053023632398492,0.027439156109009526,13.617873420238494,2.5237315551571204,0.6235049024148611,0.1385392896512736,0.32078646873186034,0.07813706880333042,0.9057649739583333,0.035609768826668546,0.9196750391324361,0.03887370643816758,0.23818071981271108,0.07391697323193416
2,sketchkeras,0.03,3000,0.03217009721781743,0.019391982655338248,15.641064926465353,2.5727747211585985,0.6684961620294877,0.12670525047942685,0.26200305939589935,0.07325958797472214,0.9272203776041666,0.03214006543050305,0.9325487617850303,0.03601952030834684,0.16270509686072665,0.06258345338878502
2,sketchkeras,0.05,3000,0.025569690037518692,0.016671083387688388,16.68984968773524,2.618938383758705,0.6912430938729474,0.121348151366167,0.23406891094396512,0.06986789992747611,0.9372783203125,0.030018207414515684,0.9391637812654178,0.03433651283436183,0.1314745465914408,0.055325000041645485
2,sketchkeras,0.1,3000,0.019582836628270598,0.014448658907304986,17.946196830113728,2.7195197085410845,0.7180303827175327,0.11393754434352506,0.20255030333374938,0.0648144744483556,0.9476153971354166,0.026948385613563643,0.9464370912313461,0.031515372436289824,0.10104459067185716,0.046390158918798614
2,sketchkeras,0.25,3000,0.015232365571311628,0.012821158508268713,19.153779375394187,2.827165781072723,0.7446275207250146,0.10584361161319925,0.17317108866075676,0.060568130544402306,0.9560633138020833,0.023948602739653536,0.9532239360411962,0.029427297920812574,0.07848905962705609,0.03904099126585323
2,sketchkeras,0.5,3000,0.013718416310497512,0.012856137316016612,19.708246005853017,2.906433054710993,0.7594814016072778,0.10190332793971682,0.16134081614700452,0.060777094698055804,0.95887109375,0.022777875753387772,0.9562928619186083,0.028436452132985388,0.07083558700482047,0.03678009283092027
2,sketchkeras,1.0,3000,0.013465856009628576,0.014221104835536411,19.941197220484415,3.0440786599652916,0.7681002221256494,0.09696187275071895,0.16023616995910803,0.06277908406477377,0.9590408528645833,0.022584159677094862,0.9575450679858526,0.0278698206997948,0.06923451298475261,0.03620436107910406
