alpha,method,point,mean,lo,hi
0,proposed,0.43333333333333335,0.43393683306605246,0.3821428571428571,0.4826086956521739
0,painttorch,0.5958333333333333,0.595919770673729,0.5395833333333333,0.65
0,diffusart,0.4708333333333333,0.47014339626021845,0.41458333333333336,0.526
1,proposed,0.5333333333333333,0.5337316776253205,0.48460000000000003,0.5869565217391305
1,painttorch,0.26666666666666666,0.2663893708205269,0.21041666666666667,0.325
1,diffusart,0.7,0.6998789515541526,0.65,0.7478260869565218
3,proposed,0.78125,0.7812950664302548,0.7437432065217392,0.8166666666666667
3,painttorch,0.12708333333333333,0.12673797691865793,0.08333333333333333,0.17115384615384616
3,diffusart,0.5916666666666667,0.5919669566510872,0.552,0.6333333333333333
5,proposed,0.8458333333333333,0.8460443424547953,0.8065217391304348,0.8804347826086957
5,painttorch,0.09375,0.09318297341359845,0.05434782608695652,0.13958333333333334
5,diffusart,0.5604166666666667,0.5607726841316064,0.5354166666666667,0.5869565217391305
10,proposed,0.9125,0.9123496678077933,0.8695652173913043,0.948076923076923
10,painttorch,0.08125,0.08140840910327803,0.05,0.11875
10,diffusart,0.50625,0.5062419230889286,0.4782608695652174,0.534
25,proposed,0.95625,0.9562204602612766,0.9260869565217391,0.9807692307692307
25,painttorch,0.07083333333333333,0.0706345139615174,0.043478260869565216,0.10208333333333333
25,diffusart,0.47291666666666665,0.4731450257772061,0.452,0.4956521739130435
50,proposed,0.975,0.9749220397244444,0.9456521739130435,0.9942307692307693
50,painttorch,0.07291666666666667,0.0726627563228838,0.04565217391304348,0.1037037037037037
50,diffusart,0.45208333333333334,0.4524152039526718,0.4153846153846154,0.48695652173913045
100,proposed,0.9770833333333333,0.97701185056527,0.9586956521739131,0.992
100,painttorch,0.10625,0.10624846596384348,0.07708333333333334,0.1346153846153846
100,diffusart,0.4166666666666667,0.4167396834708867,0.38653846153846155,0.44583333333333336
