sketch,sketch_name,ratio,n,psnr_mean,psnr_std,ssim_mean,ssim_std,lpips_mean,lpips_std,dreamsim_mean,dreamsim_std
0,XDoG,0.0,3000,9.703651830275854,2.220245328625063,0.40387383587876685,0.1539328749748206,0.5213202463189761,0.08452669071442816,0.3946321368018786,0.09037422632742208
0,XDoG,0.01,3000,12.394935479164124,2.421804958745737,0.4667591332961844,0.1426823990421795,0.4482606559470296,0.09144475142937766,0.3243190808494886,0.09353939015305818
0,XDoG,0.02,3000,13.481933535416921,2.4130235795129904,0.49010873896234747,0.14047383937972188,0.4087635941480597,0.09202613096663415,0.2714924552838008,0.08890193916332674
0,XDoG,0.03,3000,14.22432933719953,2.434524035003384,0.5069478477839244,0.1399720131545427,0.38422982270270584,0.09271760295527423,0.240174498518308,0.08446275018013613
0,XDoG,0.04,3000,14.7720795006752,2.448938340153116,0.5198176278215833,0.13849520734319165,0.3667320110922058,0.09288255286409411,0.21866024998823802,0.08121837758173212
0,XDoG,0.05,3000,15.218609054406484,2.4698943043161448,0.5305202114803445,0.13783791535771545,0.3523151238833864,0.09317684158096527,0.20251511720816295,0.07894300470953874
0,XDoG,0.06,3000,15.590341729402542,2.5042487292332103,0.5391689758491702,0.13706273687760392,0.34099011180053157,0.0922890008621443,0.1900457934141159,0.07564956133906978
0,XDoG,0.075,3000,16.020628410816194,2.5170833923197,0.5503656045295647,0.13564182777646472,0.32780980732291937,0.09173135959154544,0.17571578055620193,0.07323848231465245
0,XDoG,0.08,3000,16.14596179151535,2.5544867216114846,0.5534240326862879,0.13491930969903654,0.3238035963798563,0.09077730928488391,0.17131413877010346,0.0719092412948198
0,XDoG,0.1,3000,16.570649544239043,2.5693175440159792,0.5647588232803197,0.13385367299019527,0.30946605653564135,0.08986444206896167,0.1577395653525988,0.06729518517419837
0,XDoG,0.12,3000,16.892149450778962,2.6055601100349417,0.573465030295784,0.13247898541976466,0.29882174210002027,0.08876508527974439,0.14778548886378604,0.06530368671028232
0,XDoG,0.14,3000,17.158623532772065,2.6253235101508094,0.5810694204227475,0.1313328932572106,0.28942516596863666,0.08790051993420854,0.13993736275037125,0.06292128475051285
0,XDoG,0.15,3000,17.276629967371623,2.6242181117377417,0.5846701646885194,0.13054979309579423,0.2847904919236898,0.08739318541911063,0.13655740666389463,0.06171444191973576
0,XDoG,0.16,3000,17.36969431257248,2.630676562909436,0.5875849747823668,0.13040169724838768,0.2809213154390454,0.086650431013016,0.13341101402044292,0.060853426284852664
0,XDoG,0.18,3000,17.54726628891627,2.660128827302549,0.5933935971787917,0.12931878777174688,0.274186823276182,0.08597536480968981,0.12753838358322775,0.05821872247007656
0,XDoG,0.2,3000,17.70815853357315,2.664407793752905,0.5987170010746438,0.12813048474068667,0.26739256786555055,0.08461659535382561,0.12305039997895555,0.05742490593994074
0,XDoG,0.22,3000,17.828266081174213,2.686387478448115,0.6031069871094175,0.1273177767740904,0.2619787318383654,0.08361214576579505,0.11842526992162065,0.05506948854225334
0,XDoG,0.24,3000,17.940082845369975,2.7014315879219697,0.6072436309661813,0.12647399060706535,0.2566906986522178,0.0825214360027053,0.11456647765636441,0.05347646028258552
0,XDoG,0.25,3000,17.986101287047067,2.702245438463974,0.6089171661732447,0.12627423053870446,0.25421246769527595,0.08209836344639014,0.1127192077040672,0.052396032725373305
0,XDoG,0.26,3000,18.040946628729504,2.713002415923537,0.6111220640819617,0.12579430810342634,0.25192334984242915,0.08167956579800263,0.11125069457292552,0.05222542551052444
0,XDoG,0.28,3000,18.133070815722146,2.7257940308067883,0.6147383417642462,0.12512481723930313,0.24743713450556,0.08104508587434225,0.1082537008921305,0.05112815860094702
0,XDoG,0.3,3000,18.22214095258713,2.72932039227764,0.6184297731484888,0.12446328641844029,0.24306519912059107,0.08019616407044043,0.10575388018290198,0.05106738425897731
0,XDoG,0.32,3000,18.285206180095674,2.745931188986843,0.6213047483296541,0.12394419961711106,0.23938148420428237,0.07961218446477596,0.1027375817696253,0.04929366579499315
0,XDoG,0.34,3000,18.35322435537974,2.7544720803865785,0.6243259950137484,0.12331081076486557,0.23547674372792243,0.07882008423829663,0.10042276293039318,0.048436143402530246
0,XDoG,0.36,3000,18.40937643702825,2.7614961404858893,0.627085771285628,0.12285414735122699,0.23206712610895436,0.07827433760409452,0.09815786109368002,0.04769423865699944
0,XDoG,0.38,3000,18.4638599208196,2.7702151284114125,0.629960563973223,0.12223159854688136,0.22852716831987102,0.07768477307387653,0.09618251401185986,0.04713422863923655
0,XDoG,0.4,3000,18.51134462451935,2.7761048546004874,0.6324573856260297,0.12167252454968286,0.22530178788304328,0.07693450984488331,0.09438530311981833,0.04741872889842658
0,XDoG,0.42,3000,18.556150804201764,2.7901747973308555,0.6348917591056573,0.12133849544081059,0.222221850267301,0.07624818809160007,0.09232382496198015,0.04578879061266888
0,XDoG,0.44,3000,18.591559984048207,2.798295786997963,0.6370445611657051,0.12088453799442658,0.21935984662051003,0.07574241876599339,0.09073363862435019,0.045526245255129306
0,XDoG,0.46,3000,18.625887377262117,2.8083032318046635,0.639242009642854,0.12052922088530876,0.2164483299938341,0.07511904940337151,0.08910496435562766,0.04514362749844663
0,XDoG,0.48,3000,18.655571246147154,2.8051999779002124,0.6414971095114403,0.12008259154917204,0.2138112582998971,0.07417866123652633,0.08748539390166597,0.04462482261938216
0,XDoG,0.5,3000,18.677440210501352,2.820205094920309,0.6431490166532846,0.1200238616602304,0.21149097872152925,0.07459086347247007,0.08627154151598608,0.04431933288392634
0,XDoG,0.52,3000,18.713728525161745,2.818970836276959,0.6453523085553897,0.11933155573032772,0.20868332934752107,0.07302375518211734,0.08468766188621517,0.04347597718414447
0,XDoG,0.54,3000,18.7385222085317,2.828112084395318,0.6471220948785,0.11905716672640887,0.2064054326650997,0.07263808809820127,0.08340145534276959,0.0430885642066713
0,XDoG,0.56,3000,18.761274473349253,2.836371244735855,0.6488273480971111,0.11876370897694605,0.2042108359709382,0.07215292712791599,0.08233321394522981,0.04276938558979459
0,XDoG,0.58,3000,18.78331831630071,2.844017655186047,0.6504256499349528,0.11846268525012102,0.20220331411808729,0.07186630842792541,0.08127459150552746,0.042508318845577514
0,XDoG,0.6,3000,18.803377736886343,2.8506824872275893,0.6519862321555071,0.11816567057303497,0.20035532833139102,0.07139427574001762,0.08030654734373088,0.04225398857738022
0,XDoG,0.62,3000,18.823094009717305,2.8542602261788574,0.6534540683368298,0.1178559646449651,0.19859636181717116,0.07105998949803839,0.07939422263701754,0.04201936654968455
0,XDoG,0.64,3000,18.842201673666636,2.859390022233625,0.6548700160473042,0.11756207110240392,0.19692071309313178,0.07063284675919441,0.07854526501893994,0.041780822080204394
0,XDoG,0.66,3000,18.86334156068166,2.86635545172375,0.656259233135924,0.11726320032658517,0.19531167078763245,0.07022566818780018,0.07776949008305864,0.041641522721445653
0,XDoG,0.68,3000,18.881822524547577,2.8710697511850007,0.6575961420227541,0.1170144291474074,0.19379143058881163,0.0698153619726671,0.0770412664612134,0.041401323548168716
0,XDoG,0.7,3000,18.900467701594035,2.8759037722062937,0.6588761204023613,0.11676384873167253,0.19230793717503547,0.0694948111968281,0.07630464740594224,0.0410996484246938
0,XDoG,0.72,3000,18.917663862546284,2.880371775594895,0.6600778830636991,0.11649512829737775,0.19093425485119223,0.06919528959201122,0.07561949487527207,0.04089276153945819
0,XDoG,0.74,3000,18.936180993715922,2.8851288046207797,0.6613946286769254,0.1163221341465771,0.18983618914087613,0.06921722896608927,0.07486452054977413,0.04033968185670601
0,XDoG,0.76,3000,18.954242647647856,2.8898929703090523,0.6625306877922558,0.11611496873418624,0.1885493182229499,0.06890855354134874,0.07417515248060223,0.04009432268399448
0,XDoG,0.78,3000,18.972562588532767,2.8939520838793293,0.6636668982785486,0.11589108124770822,0.1872758780606091,0.06862184563570613,0.07353243450323736,0.04000533681047452
0,XDoG,0.8,3000,18.984814079125723,2.8928474288159607,0.6642941571797127,0.11563203569589117,0.1860211873513957,0.06805386126850702,0.07327783197164532,0.04039029292964697
0,XDoG,0.82,3000,19.006111595312753,2.902982159740952,0.6655545125088635,0.11547259909675477,0.1851474343786637,0.06802072920717069,0.07269690316915509,0.040115120054978616
0,XDoG,0.84,3000,19.02516606585185,2.90624953188946,0.6666674861790283,0.11517711677245072,0.1839609496295452,0.0679714357333282,0.07196764586369193,0.039512616939560596
0,XDoG,0.86,3000,19.043763372421264,2.904216981994385,0.6676868241808358,0.11503576929898429,0.1830572554655373,0.06781226417057434,0.0716124111016591,0.039574306846142104
0,XDoG,0.88,3000,19.063271371046703,2.9130248470394995,0.6686886035533292,0.11497560818546587,0.18200095804780722,0.06769395296452138,0.07098065592845278,0.039433652060136
0,XDoG,0.9,3000,19.075514134724934,2.9146653408439676,0.6693797602635168,0.11479173176445522,0.18113665870452922,0.06728261941965678,0.07077431551615393,0.03972248609873985
0,XDoG,0.92,3000,19.098476010004678,2.9211539634800388,0.6704567920744496,0.11467033382795765,0.18016901701067886,0.06706453424581323,0.07015543574094768,0.03917446792328142
0,XDoG,0.94,3000,19.115919971307118,2.921876841402764,0.671441790583883,0.11425300175428273,0.17928756125147144,0.066972688435222,0.06961216324567791,0.03874669244605874
0,XDoG,0.96,3000,19.131955496470134,2.923750142085565,0.6723875085842156,0.11407693053525576,0.17846654726813238,0.06671155596516831,0.06932918753226594,0.038792902884982064
0,XDoG,0.98,3000,19.15060808547338,2.9257364537707757,0.6733087375890755,0.11389178962018923,0.17757921358322104,0.06656788994013554,0.06887864945332206,0.03861848806472074
0,XDoG,1.0,3000,19.166752508799235,2.9377288875337726,0.6738265707194805,0.11347270533656105,0.1768478473002712,0.06519632348956882,0.06838362973928448,0.03722485156262316
1,pysimp,0.0,3000,11.026886600812276,2.2365474425626486,0.573679381820674,0.14098367635927078,0.4262029218326012,0.08662453687657758,0.3474380044341087,0.08066030434636477
1,pysimp,0.01,3000,14.004426174322765,2.608752739944646,0.6323548868928144,0.1305109795845468,0.3409726275677482,0.09043538593383073,0.25975485873222354,0.08320030422791395
1,pysimp,0.02,3000,15.189533221403758,2.5078335130243583,0.6497114733789155,0.12420657313300605,0.3100306959748268,0.08678325711172663,0.21242677293221157,0.07739388235158828
1,pysimp,0.03,3000,15.974331436951955,2.48042238917316,0.6617707381033688,0.12032736395953247,0.2909070687728624,0.08441564956139544,0.18512697666883468,0.07154124945172205
1,pysimp,0.04,3000,16.555132548967997,2.46511147408056,0.671122978641021,0.11755980627183024,0.2769813041177889,0.08238972276622013,0.16681054002046586,0.06778085161906695
1,pysimp,0.05,3000,17.030378570079804,2.458641320113583,0.6787639582786748,0.11553859547385179,0.2658693232064446,0.08069582448028977,0.15389276800553,0.06515826548597456
1,pysimp,0.06,3000,17.406662743568422,2.470117899475737,0.6850196373099364,0.1136821475909255,0.25690631369501354,0.07942360569480585,0.14343531493345893,0.06196089364034499
1,pysimp,0.075,3000,17.85806186532974,2.4681849110385197,0.6928252671940912,0.11160621558272237,0.24626910664017002,0.07769614447898994,0.13218872052431102,0.058824676056975715
1,pysimp,0.08,3000,17.98065269525846,2.476134718728484,0.6949149037315026,0.11115275607559873,0.24266513716429472,0.07717829005319334,0.12933756762742993,0.05793996323636332
1,pysimp,0.1,3000,18.411898607730866,2.464823228944196,0.7030489913407753,0.10858967465571492,0.23271036636953552,0.07495951804845877,0.11911056258281068,0.05456412495921646
1,pysimp,0.12,3000,18.739411366780597,2.46399127662273,0.7096443757696737,0.10655751435775107,0.22429300148164233,0.07327645506254672,0.11173762947320934,0.051972637484027036
1,pysimp,0.14,3000,19.00646470006307,2.46689916288747,0.7151969509406675,0.10493392675344425,0.21743093434348704,0.07199247483839476,0.10583191104729966,0.0497894141876244
1,pysimp,0.15,3000,19.130482144594193,2.4700920248230016,0.7178181633913094,0.10417590625128846,0.21375757003327212,0.07133935837520233,0.1029799035787582,0.04822282016932718
1,pysimp,0.16,3000,19.23657915878296,2.475714440873745,0.7201768816048182,0.10363988995546725,0.21112487703561783,0.07087959745716792,0.1008555285731951,0.04779650930564548
1,pysimp,0.18,3000,19.432480289936066,2.465484602165963,0.7247793928908262,0.10278951481557325,0.2052234063471357,0.06979322955657778,0.09665365044275916,0.04654097652513179
1,pysimp,0.2,3000,19.616275180101393,2.4759643923526355,0.7291240622116699,0.10130227999755757,0.20013681568205358,0.06844158858343603,0.0930168095429738,0.044952115001576316
1,pysimp,0.22,3000,19.754580278396606,2.4823807551532715,0.7328238932871609,0.10041777762016676,0.19606851483508944,0.0676013699661468,0.08989876614014304,0.04364514090751341
1,pysimp,0.24,3000,19.891640196482342,2.4827565230420627,0.7365000052336642,0.09937511481724144,0.1917782148619493,0.06639298720826506,0.08701940361658728,0.0424430683354736
1,pysimp,0.25,3000,19.959408378601076,2.4844414286345646,0.738268425949791,0.0989688742522196,0.18973638405899207,0.06601019102615545,0.08568731594085689,0.04212935164567118
1,pysimp,0.26,3000,20.017306840260822,2.4863767280773916,0.7399258994841366,0.09857045021815883,0.18800081319113573,0.06562225525411,0.0845226135452588,0.04176165000859139
1,pysimp,0.28,3000,20.131070553143818,2.485675799790932,0.7432732220772693,0.09778345602342237,0.18433188425873717,0.06466471960530387,0.08211946831146873,0.04061412431621219
1,pysimp,0.3,3000,20.248708122491838,2.4822288178415683,0.7465788159284567,0.09691265541278414,0.1805702776784698,0.06372517661906293,0.08022783700625098,0.040570906081466185
1,pysimp,0.32,3000,20.344321486473085,2.4832970660624647,0.7494715720200329,0.09624722213208188,0.17758691511303187,0.06309795886361229,0.07796909848848975,0.039237069282414605
1,pysimp,0.34,3000,20.43628683757782,2.487345638397381,0.7524467261616179,0.0955917043709228,0.17444342161839207,0.06241898539880239,0.07612318156162894,0.038655627734416456
1,pysimp,0.36,3000,20.52281034374237,2.4832395807704515,0.7551719859623699,0.09505931334736047,0.17150785802925628,0.061796692845311654,0.07444065799315766,0.0380018733726077
1,pysimp,0.38,3000,20.60576675128937,2.478091104089701,0.7578313880248655,0.09451277581318651,0.16867925203902026,0.0612122989834046,0.07279070462783174,0.037395633938126394
1,pysimp,0.4,3000,20.6820549706618,2.487430283117987,0.7604238794360135,0.09395054151406076,0.16554685022123158,0.06036423538455825,0.07153187380234396,0.03772074276526583
1,pysimp,0.42,3000,20.756804383913675,2.4853381844789997,0.7629789649629384,0.09360346486008846,0.1631689452994615,0.059925927449008445,0.06989573516448334,0.03660017127363444
1,pysimp,0.44,3000,20.824584851582845,2.488212400080909,0.7653555515293071,0.09318184111363811,0.16064799159641066,0.05938082731941656,0.06856480570634202,0.03626199702466261
1,pysimp,0.46,3000,20.89021672598521,2.4890231102515834,0.7676870844745426,0.09284109196089849,0.1581765824432174,0.058912134136934434,0.06727125724156693,0.035954462019834564
1,pysimp,0.48,3000,20.946264598210654,2.483030551907018,0.7697590374853365,0.09246841871737109,0.15575690427546698,0.058078151963255935,0.06635059817632036,0.0365607815612396
1,pysimp,0.5,3000,21.00676288954417,2.492922953958001,0.7719328359250018,0.09208402774847614,0.15383215800983208,0.057932854742426834,0.06508809699614838,0.03524145486679742
1,pysimp,0.52,3000,21.055536415894828,2.486569381819567,0.7736881027656394,0.09147710132785196,0.15186509106742835,0.05733189230718303,0.06419166638453798,0.035025102709132935
1,pysimp,0.54,3000,21.10916698582967,2.4883020088658605,0.7757698619272463,0.09119828913073663,0.14954992684101062,0.05648827286597654,0.0631790195504824,0.0351162355732791
1,pysimp,0.56,3000,21.15892621676127,2.4940097002359978,0.7775986028220407,0.09090349450949513,0.14764293933411435,0.0560706980522372,0.06222158741950985,0.03472907656560513
1,pysimp,0.58,3000,21.205586883862814,2.4954434049733583,0.7793445535606297,0.0905615887258939,0.14586177378830806,0.05559760225509354,0.061397142032782195,0.03445232538313118
1,pysimp,0.6,3000,21.24812302303314,2.495925330903972,0.7810118225024295,0.09019694998604066,0.1441798380458106,0.05516606727648536,0.06061233538389202,0.03418000163144764
1,pysimp,0.62,3000,21.290176997820538,2.496068005485813,0.7825554416980497,0.08986255980569194,0.14261266273073847,0.05474581749580446,0.059826463659604354,0.033891785616274386
1,pysimp,0.64,3000,21.329710739453635,2.494570955590211,0.7840995204156789,0.08949747203566538,0.14111059965752062,0.05435732865351742,0.05916727401812868,0.033680250850659094
1,pysimp,0.66,3000,21.369886487960816,2.496086448079718,0.7855305850015235,0.0891710262873773,0.13969747328509882,0.0539251884740836,0.05850796163082119,0.03349410452009319
1,pysimp,0.68,3000,21.40530596001943,2.495588861504179,0.7868990916218511,0.08884012168586079,0.13843871758629875,0.05355601561132976,0.057897695819536805,0.033306854825691935
1,pysimp,0.7,3000,21.440555714289346,2.4981098550115264,0.7881822771138104,0.0885465024118838,0.13725269065238532,0.05324101397883321,0.05730457595984137,0.03312639170952696
1,pysimp,0.72,3000,21.479174958546956,2.4975896938760394,0.7894908553169322,0.0882381455189681,0.13609893279274302,0.052977023210136885,0.056633217056592265,0.032718419155624075
1,pysimp,0.74,3000,21.5150473001798,2.5027701392669712,0.7908512228619171,0.08771901172761902,0.13502868571132418,0.05301056162293244,0.056003849069277405,0.03260210913964079
1,pysimp,0.76,3000,21.548760547478995,2.505114107333035,0.7919787859212472,0.08743317013838496,0.13395162236814695,0.05269750491008675,0.055455880264441135,0.03233168116351342
1,pysimp,0.78,3000,21.58161995903651,2.5064683998893895,0.7930869208664808,0.0871193234854068,0.1329109739704678,0.05234163072932322,0.05496435105800625,0.03210912699023483
1,pysimp,0.8,3000,21.61237786881129,2.506893136580063,0.7941339707465086,0.08681183510253862,0.13185740113941327,0.05203973818283041,0.05449571202198661,0.03193372281889307
1,pysimp,0.82,3000,21.64267564980189,2.5091996523692384,0.7951797841679169,0.08650174283276786,0.13085865055583415,0.051707031023333495,0.05405310485760367,0.031751018994365075
1,pysimp,0.84,3000,21.67234031756719,2.5108042716074905,0.7961783529312525,0.08620857314719213,0.1299439833325644,0.0514063638989659,0.053614598174889845,0.031523534765902854
1,pysimp,0.86,3000,21.706932734012604,2.5041957644162474,0.7971768534870062,0.08594210790600991,0.12897206627763805,0.0511075142139289,0.05315672910213467,0.031334861936928644
1,pysimp,0.88,3000,21.734745097001394,2.506734382899507,0.7980917465578629,0.08566464403905232,0.1281278513980408,0.05086998434881022,0.05276838771502173,0.03121671283397623
1,pysimp,0.9,3000,21.763574897607167,2.5058641222668157,0.799006200193476,0.08537776876348181,0.12725701326504346,0.05058893745710419,0.05241902957359946,0.03116563954799537
1,pysimp,0.92,3000,21.7894653728803,2.505667050905295,0.7998892795732729,0.08507760028790677,0.12646909496684866,0.050325928731848935,0.05204732686281201,0.030985281475278705
1,pysimp,0.94,3000,21.816913017749787,2.506110331542318,0.8007506975026044,0.0848037067571372,0.1256832669768482,0.05009795987061712,0.051631882945696476,0.030787870439229956
1,pysimp,0.96,3000,21.84288013792038,2.506111070612934,0.8015748618136955,0.08451668787515887,0.12492365138667322,0.04988722788792338,0.05127155099312461,0.03062899515258628
1,pysimp,0.98,3000,21.86928069225947,2.5059446960645064,0.8024091756533696,0.08427740582456812,0.12416446457865334,0.04970150239513771,0.05090189645687735,0.030439591478856946
1,pysimp,1.0,3000,21.901899514834085,2.5038634969602125,0.8031999424695969,0.08339701757051846,0.12302620711922642,0.0467745904359015,0.050273910721143046,0.02774871921599812
2,sketchkeras,0.0,3000,10.518441167036693,1.9836605323130367,0.5410015025769147,0.15673109583566086,0.43462255714833736,0.08821318000524381,0.3370872099995613,0.07905550521032721
2,sketchkeras,0.01,3000,13.859087056716284,2.6296246577154467,0.6290504782201024,0.13787868280578428,0.3262865997925401,0.08549446220637523,0.24012928970654807,0.07457845173847545
2,sketchkeras,0.02,3000,15.158497206846873,2.583564616085272,0.6570414439055992,0.13031482705150413,0.2867224952578545,0.08115287980519537,0.190131720383962,0.06805098377340583
2,sketchkeras,0.03,3000,15.99190204779307,2.601741197104333,0.6748845420145663,0.12599423527457962,0.26363436846683425,0.07865045811156667,0.1623891107837359,0.06258395497311826
2,sketchkeras,0.04,3000,16.625504484812417,2.606763881133466,0.6886634982167064,0.12272739121993491,0.24685432021816572,0.0762955785328466,0.14313191831111904,0.05825403165749172
2,sketchkeras,0.05,3000,17.12618523279826,2.6172773787557224,0.6995064113079182,0.12041803290826168,0.23400402384251356,0.07484644337927483,0.12992002811034517,0.05513008511984989
2,sketchkeras,0.06,3000,17.52664633480708,2.644854044551666,0.708063902108707,0.11796096909453413,0.22396605783949294,0.07384152395846416,0.12012075962622956,0.05229304500393638
2,sketchkeras,0.075,3000,18.014487761974333,2.66650863430567,0.7187128115632804,0.11564763225476411,0.21157962006827197,0.0717925463902926,0.10876774412393567,0.0493421901485386
2,sketchkeras,0.08,3000,18.150193601131438,2.6658645616901686,0.7217369226286537,0.11517331108959694,0.20793301479145884,0.07160542338304102,0.10586365419626233,0.04784092825821882
2,sketchkeras,0.1,3000,18.62196126492818,2.6944728794182846,0.7319378145623875,0.11227456408568628,0.19633182951062916,0.06865477884919816,0.09573215663433071,0.045112012247568015
2,sketchkeras,0.12,3000,18.98479954814911,2.706208533027412,0.7402505289553276,0.10999622893553646,0.18696412797272205,0.06676716880922269,0.08860843422015505,0.04289305901532102
2,sketchkeras,0.14,3000,19.289256850083667,2.717781323999639,0.747241711635259,0.10806178739170756,0.1795191777671377,0.06529565134867002,0.08322743262847261,0.040752903932861
2,sketchkeras,0.15,3000,19.42818584807714,2.7257485160155004,0.750631763594322,0.10728466060637276,0.1757471811460952,0.06508295766455513,0.08100303973754243,0.04034118857033639
2,sketchkeras,0.16,3000,19.532985987027487,2.72620768402166,0.7532323777564743,0.10622150540854287,0.17311938842758537,0.0639613518800337,0.078691753745079,0.03911847291256985
2,sketchkeras,0.18,3000,19.746196595986685,2.735290016153054,0.758516164614625,0.1047995046046255,0.16751049209013583,0.0625606233380163,0.07492965020736055,0.03749131724133366
2,sketchkeras,0.2,3000,19.9423620150884,2.7482164458777825,0.7632578788270281,0.10355145445072868,0.16209328369175394,0.06185955195946156,0.07200139645735419,0.03709645760890242
2,sketchkeras,0.22,3000,20.097462497075398,2.748870037476288,0.7672712182242346,0.10234071664081931,0.15822501749793685,0.060365058167045293,0.0689709925850232,0.03523208736557051
2,sketchkeras,0.24,3000,20.241536861101785,2.7599639778291234,0.7710634783197117,0.10119305939039303,0.15433251668574904,0.05933517156962302,0.06667121116320289,0.03434174019639407
2,sketchkeras,0.25,3000,20.311897869586943,2.765627991856943,0.7728364344873698,0.10066292821250149,0.1525126391810675,0.05888041781722495,0.06558749936024344,0.03389460360068433
2,sketchkeras,0.26,3000,20.377127405166625,2.7708625095482335,0.7742824385368536,0.1006537131193691,0.15087126545049245,0.058859292316314614,0.06481414516766862,0.03386706406444775
2,sketchkeras,0.28,3000,20.495610942999523,2.77853903413261,0.7778069219975344,0.09928283690903918,0.1476640730301539,0.05758548018952694,0.06279944926500317,0.032958685639188794
2,sketchkeras,0.3,3000,20.608655207792918,2.7735444565692857,0.7809636058677958,0.09821239478269025,0.14448754264414307,0.05724499857740471,0.061150849501291876,0.03302090558193126
2,sketchkeras,0.34,3000,20.81319015010198,2.7926394162931203,0.7866072577326171,0.09669871893259978,0.13934541674392914,0.055616636374491976,0.058082120299339256,0.031606207918312715
2,sketchkeras,0.36,3000,20.89869229110082,2.7929443183084612,0.7891032854108683,0.09595056722917461,0.13699561070526636,0.05506090202974081,0.05684522960583365,0.03121112442687559
2,sketchkeras,0.38,3000,20.982644989172616,2.793148055556887,0.7915742088545036,0.09511071943488256,0.13477040680497882,0.05448967637493845,0.05564312118291851,0.030722834025050137
2,sketchkeras,0.4,3000,21.057533519903817,2.7956459129029967,0.7940070248712824,0.09418413802347564,0.1323764118024458,0.05406886260360029,0.054511354287465376,0.030776183911220292
2,sketchkeras,0.42,3000,21.13640919605891,2.8115817013907543,0.7961604018001429,0.09380117629258664,0.13052909737328686,0.053339731063032615,0.05347493908802665,0.02991387382435093
2,sketchkeras,0.44,3000,21.205443255583447,2.815318283983801,0.798330499975748,0.09314809790889468,0.128608690454935,0.052852824508649233,0.05254259636004762,0.02963762879963358
2,sketchkeras,0.46,3000,21.268858244101207,2.8208697887824647,0.800350398579108,0.09260785258366588,0.12678490937377013,0.05243258622943526,0.051616942087809196,0.02935357725960337
2,sketchkeras,0.48,3000,21.323254739761353,2.8098030705340147,0.8023506326470621,0.0921814207725138,0.1250711602227141,0.05179072772191894,0.05070741478602088,0.02949097460169196
2,sketchkeras,0.5,3000,21.38112953710556,2.8261909855390193,0.8040935932585271,0.09153611356460079,0.12355760395837323,0.05153948017799988,0.05005296878019965,0.028898592088676206
2,sketchkeras,0.52,3000,21.43764862060547,2.8185888873900544,0.8059029372825074,0.09113791510817038,0.12188662474043664,0.050939991639442316,0.04919291432698564,0.028848956111754614
2,sketchkeras,0.54,3000,21.488617517312367,2.827694709856496,0.8075522672925242,0.09063239150386238,0.12047610586757457,0.05058271070025142,0.04856194748481111,0.028661451730094142
2,sketchkeras,0.56,3000,21.536663075288136,2.8331294012379447,0.8091241233740099,0.0901893450173502,0.1191400850495944,0.050259340506732766,0.047904423236846884,0.02839456233285139
2,sketchkeras,0.58,3000,21.58308253542582,2.836343509297376,0.8106053159330138,0.08976166927965612,0.1178848163814594,0.04995747977434975,0.047329231083393056,0.02821378671378889
2,sketchkeras,0.6,3000,21.627182578722635,2.840179639463265,0.8120309417837707,0.08926379791617442,0.11669157558369136,0.04955988159686894,0.04675778470436728,0.028016068351277977
2,sketchkeras,0.62,3000,21.669648895581563,2.8425857305867157,0.81340235403119,0.08878140795148294,0.11556229506246742,0.04921868432413226,0.04621132149298982,0.027832867552418823
2,sketchkeras,0.64,3000,21.70951329867045,2.8441511031188225,0.8146931951536583,0.08830306834034256,0.11448855216801163,0.048806947182761753,0.04574794117609656,0.027697590484287635
2,sketchkeras,0.66,3000,21.750452799479167,2.8459685869384117,0.8159462143275984,0.08787568051598209,0.11341536788145698,0.04847515726645257,0.045255879640579186,0.027493276770801527
2,sketchkeras,0.68,3000,21.787127958456676,2.848669050816478,0.8171351393554457,0.08750036327410987,0.11246035966028765,0.04816536844767163,0.044823646942774416,0.027336841193097653
2,sketchkeras,0.7,3000,21.82452886358897,2.8521047882522623,0.8182653458012986,0.08712089692608531,0.11150839556629455,0.04785962148933397,0.04442017678419745,0.027190882203588066
2,sketchkeras,0.72,3000,21.860355909188588,2.855421804905079,0.8193278531128017,0.08676916015402243,0.11061082668664551,0.04760814310937858,0.044007190982500666,0.027054422207889922
2,sketchkeras,0.74,3000,21.891290565013886,2.8625178711735733,0.8203711549805593,0.08632996128452214,0.10992827383118367,0.047717559640762804,0.04342688169082002,0.026271385720512967
2,sketchkeras,0.76,3000,21.92574797519048,2.8646519804734623,0.8213434622056278,0.08603193580731926,0.10911078663046157,0.047490194564503894,0.04312403080860769,0.02625332375778904
2,sketchkeras,0.78,3000,21.961232066631318,2.866508090112123,0.8223382102218263,0.08567754173703901,0.10831124127966658,0.04724083752654802,0.04274437024195985,0.026111690975039726
2,sketchkeras,0.8,3000,21.994707428296408,2.8680023115880298,0.8232765128579728,0.08532153607846903,0.10752669140448169,0.04698268557989004,0.04241491283973053,0.026049757553958306
2,sketchkeras,0.82,3000,22.02779291343689,2.870784505896691,0.8241748523381345,0.08498430829493699,0.10677665009535846,0.04674720686984304,0.04211465968688325,0.0259795210143632
2,sketchkeras,0.84,3000,22.058387199719746,2.8737886894301123,0.8250201857553912,0.08468056271516222,0.10609324143640693,0.046496796063046554,0.04180305971701935,0.025806041011397895
2,sketchkeras,0.86,3000,22.093264166355134,2.87024406164275,0.8258818007972829,0.08437573601895317,0.10536200576834377,0.046293409416590964,0.04150762025515234,0.025688285846174323
2,sketchkeras,0.88,3000,22.12379417991638,2.874259391352698,0.826678518381416,0.08410996188156263,0.10470947943255302,0.04610054840920685,0.04125172652800873,0.025597588243530863
2,sketchkeras,0.9,3000,22.15313974348704,2.8744507704918676,0.8274642167654626,0.08380545445038573,0.10406236884308354,0.045880151726119006,0.04098005153735474,0.025487292505898755
2,sketchkeras,0.92,3000,22.182972596486408,2.8760628162926625,0.8282406999436013,0.08351636226780335,0.10344102925745145,0.04568734621416067,0.04073364468415573,0.025410650243387428
2,sketchkeras,0.94,3000,22.214088622411094,2.879047067414838,0.8290356186098846,0.0831950295746891,0.10281669022515412,0.04549347886683197,0.040454806804656934,0.025297545634642433
2,sketchkeras,0.96,3000,22.241839351654054,2.8804013823329804,0.8297368711697054,0.08292075553024605,0.10225649840136365,0.045300454790176754,0.040218200743198346,0.025190279414650976
2,sketchkeras,0.98,3000,22.268579036712648,2.8824151199225088,0.8304492323564482,0.08268471076836459,0.10166453528342144,0.04511959282502075,0.039983823438485416,0.025076330220722514
2,sketchkeras,1.0,3000,22.30923736667633,2.8795582354036826,0.8312355689704418,0.08148560231346226,0.10060464962509767,0.04185850563841263,0.03972875847419098,0.0226553774396891
