sketch,sketch_name,ratio,n,mse_mean,mse_std,openclip_mean,openclip_std,dino_mean,dino_std
0,XDoG,0.0,3000,0.12289374695966637,0.07230062118272726,0.8492107747395833,0.04709530801765333,0.8690641846855481,0.05121090758069806
0,XDoG,0.01,3000,0.06634662258873379,0.035404998074733435,0.8688805338541666,0.04957837873181165,0.883614897886912,0.05012520122264351
0,XDoG,0.02,3000,0.05165931571631999,0.027459732774373753,0.8857403971354166,0.04768726538029853,0.8952840395967165,0.04949549034593768
0,XDoG,0.03,3000,0.04385426065038575,0.0252531087825716,0.8953157552083333,0.046037559538836544,0.9025023583769798,0.04865016441505777
0,XDoG,0.04,3000,0.03881822126133673,0.02320662758717776,0.90282470703125,0.04384283714633894,0.9075441855192184,0.047367449625196414
0,XDoG,0.05,3000,0.03518334601408176,0.021363602345550507,0.9085123697916667,0.042800152722479175,0.9114134137431781,0.04743947820169108
0,XDoG,0.06,3000,0.03252350651255494,0.021154554172149953,0.91259765625,0.041033054098117985,0.9150131727655728,0.045307715092894295
0,XDoG,0.075,3000,0.029538462053984357,0.019008109467516084,0.9176044921875,0.040130236629287046,0.9184264432191849,0.04526875532351887
0,XDoG,0.08,3000,0.028867870539426757,0.019115097993797958,0.9194674479166667,0.03864280640050341,0.9197989322741826,0.04447076821173513
0,XDoG,0.1,3000,0.02630110028665508,0.018015397668458073,0.9239287109375,0.03766762439520842,0.9234477111498515,0.04379840560049357
0,XDoG,0.12,3000,0.02461406284310695,0.017725813831638803,0.9279542643229167,0.03585717040856899,0.9265501831968626,0.042488593021273176
0,XDoG,0.14,3000,0.02325295616624251,0.01720515043433963,0.9309915364583333,0.03464772981362146,0.9288679432471593,0.04206914790151426
0,XDoG,0.15,3000,0.022680068265801868,0.017563231662102267,0.9319747721354167,0.033854175873653386,0.92972663996617,0.042182991683886444
0,XDoG,0.16,3000,0.02225076543729903,0.01743066401199336,0.9333323567708334,0.03332797058164006,0.9308412289023399,0.040923791189044975
0,XDoG,0.18,3000,0.021443036635755513,0.01666040640208634,0.93551171875,0.032717710436270704,0.9327140213449796,0.039968438322104116
0,XDoG,0.2,3000,0.020737390358777048,0.017029239236859773,0.9370387369791666,0.03182000396168523,0.934203765074412,0.04021133614029886
0,XDoG,0.22,3000,0.020227076627779703,0.016248538774850746,0.9388556315104166,0.0313119111826014,0.9355986760258674,0.03875241320618391
0,XDoG,0.24,3000,0.01977883689501318,0.016163595332550365,0.9401559244791666,0.030638178556859966,0.9369380363424619,0.03808724115796259
0,XDoG,0.25,3000,0.01959000903220532,0.016020781992327635,0.9407194010416666,0.030460649449068608,0.9371240233977636,0.038174500281426535
0,XDoG,0.26,3000,0.019382973741390697,0.01611426800352515,0.9415260416666666,0.03003633240482466,0.9381539031664531,0.03758176549598794
0,XDoG,0.28,3000,0.019034716495855974,0.01607864648588764,0.9426259765625,0.029693364803776465,0.939084092259407,0.037340138415956715
0,XDoG,0.3,3000,0.018703455236779166,0.016583539752377346,0.9434264322916667,0.029829180326922014,0.939881462196509,0.0374778073486679
0,XDoG,0.32,3000,0.01846960003398509,0.016001395815296672,0.9447097981770833,0.02900128934311834,0.9408543029626211,0.03646006521048833
0,XDoG,0.34,3000,0.018218863110446012,0.015939206519009697,0.9455948893229167,0.028441758315815423,0.9417471147378286,0.036009668623597425
0,XDoG,0.36,3000,0.018019040774553966,0.01591014494735803,0.9463538411458333,0.028622750106150226,0.9424318459232648,0.0356727061988033
0,XDoG,0.38,3000,0.01783393375486286,0.015904918254817244,0.9471599934895834,0.028356575343511256,0.9431001655856768,0.03537468319666563
0,XDoG,0.4,3000,0.01769462786560563,0.0165013163150533,0.9479358723958333,0.027713171745702227,0.9436511397361755,0.035784277155952296
0,XDoG,0.42,3000,0.017534509307976454,0.015898351362766256,0.9486028645833333,0.0277966610129634,0.9444459538857142,0.034722888256224604
0,XDoG,0.44,3000,0.017423657556336014,0.015906207083518198,0.9492776692708333,0.027506918553131778,0.9449745086828868,0.034589653682565086
0,XDoG,0.46,3000,0.017322252295135163,0.01592090362927802,0.949990234375,0.027168427883541173,0.9454857811729114,0.034641530601192294
0,XDoG,0.48,3000,0.017225206958129954,0.01628953467914518,0.9505301106770834,0.027117124384847056,0.9460913660128911,0.03503887941102315
0,XDoG,0.5,3000,0.0171576002601068,0.015727568100293625,0.9510750325520834,0.026945611517385868,0.9462925331195196,0.03474590289799545
0,XDoG,0.52,3000,0.01704591184431527,0.016272218917241996,0.9516163736979166,0.026866422286466178,0.9470251156687737,0.03458224976644942
0,XDoG,0.54,3000,0.01697897181590083,0.01629709209342125,0.9520887044270834,0.02686811366751445,0.9475378531813622,0.034326834772861255
0,XDoG,0.56,3000,0.016916926800350923,0.01631339050419818,0.9524749348958333,0.026630779469506982,0.9480009796023369,0.03393734684551166
0,XDoG,0.58,3000,0.01685667685477524,0.016324455550117543,0.9528932291666666,0.02640893161122223,0.948436558286349,0.033673018894382414
0,XDoG,0.6,3000,0.016803825740197936,0.01634244482551338,0.9533478190104167,0.026252564474502603,0.9487324124177297,0.03364791092699504
0,XDoG,0.62,3000,0.01674159213822951,0.016324640497741176,0.95371435546875,0.02615934409790223,0.9490676189859708,0.03344085475626379
0,XDoG,0.64,3000,0.01668738434587911,0.016328119291622756,0.9540208333333333,0.026097145349290186,0.9492984804709752,0.03337321626819104
0,XDoG,0.66,3000,0.01662950377057612,0.01633448117575354,0.9543372395833334,0.025904584590898304,0.9495625014503797,0.03310368789334512
0,XDoG,0.68,3000,0.016577575972497725,0.01633583920001096,0.9546290690104167,0.025877337405613883,0.949830693880717,0.03301232988954481
0,XDoG,0.7,3000,0.016522525070700747,0.016322640558298834,0.9549661458333333,0.02577803368301338,0.9500682117342949,0.032885501978437176
0,XDoG,0.72,3000,0.01647384289981948,0.016325007315023968,0.95519482421875,0.025797115660299977,0.9503741908669472,0.03272070615851123
0,XDoG,0.74,3000,0.016404417524967917,0.01577583529795317,0.9553902994791666,0.025804658783393452,0.9503394209543864,0.03295349709538312
0,XDoG,0.76,3000,0.0163514954282048,0.015761906494962716,0.9556551106770833,0.025722254424146305,0.9505523549119631,0.032934495454382276
0,XDoG,0.78,3000,0.016296476954749426,0.01574473628789296,0.9558489583333334,0.025715691203990396,0.950850545545419,0.032781846526327894
0,XDoG,0.8,3000,0.016265712536948997,0.016280755559842614,0.9563671875,0.024985890669780443,0.951120648264885,0.03266942064963188
0,XDoG,0.82,3000,0.016205436581900916,0.01575569338806755,0.9562685546875,0.02542770162472746,0.9513773980736733,0.03266013418933451
0,XDoG,0.84,3000,0.016143129029621634,0.01570713623186951,0.9566554361979167,0.02510086450740518,0.9513869020541509,0.0329416619188407
0,XDoG,0.86,3000,0.016074937797500705,0.015681557510814122,0.9565577799479167,0.02528819619440871,0.9517620150446892,0.03261308648030457
0,XDoG,0.88,3000,0.01602047183302537,0.015647357919969643,0.9568199869791667,0.025415477143105977,0.9518279689749082,0.03259164832884129
0,XDoG,0.9,3000,0.015982895780975573,0.015622787200068716,0.95699755859375,0.024863646338794152,0.9520947701136271,0.03226424956731716
0,XDoG,0.92,3000,0.015943038226881326,0.016193687795124735,0.9571158854166667,0.024741452918027033,0.9522391216953595,0.032186649762377895
0,XDoG,0.94,3000,0.015865297160732202,0.015608704887879781,0.95739794921875,0.024740420060464105,0.9523302420973778,0.03237736869450863
0,XDoG,0.96,3000,0.01581302584529229,0.015576949608664688,0.9575651041666666,0.0247754092589426,0.952471767604351,0.03236993567081671
0,XDoG,0.98,3000,0.01575772443712529,0.015572129959456291,0.95757568359375,0.02507694313057131,0.9527397422393163,0.03224303268251688
0,XDoG,1.0,3000,0.01564670722856919,0.014644797392377912,0.9581861979166667,0.024335305082597583,0.9529215934872627,0.03182541146844119
1,pysimp,0.0,3000,0.09139854931396739,0.05912720747838394,0.8681315104166667,0.042081189416987325,0.8818264496127765,0.04938580901636477
1,pysimp,0.01,3000,0.04664081373411072,0.027194211666834896,0.8949461263020834,0.041831668396275945,0.901226135234038,0.048558082981469276
1,pysimp,0.02,3000,0.035144447158129526,0.019760956755647405,0.9084602864583333,0.039750589728004715,0.9106931626001994,0.04635961731839623
1,pysimp,0.03,3000,0.02937874216885146,0.01743813311701561,0.9164208984375,0.038333933165179704,0.9166011509696642,0.044593888346252414
1,pysimp,0.04,3000,0.02570230160156881,0.015758853734408676,0.9224970703125,0.03672615581890148,0.9212754269043605,0.04334374738546159
1,pysimp,0.05,3000,0.023084293876658148,0.014752449343350408,0.9270118815104167,0.03572232726452372,0.9244327356417974,0.043007169225936205
1,pysimp,0.06,3000,0.02122301758375635,0.013994275235265929,0.9304527994791667,0.034293294995045395,0.9273152342041333,0.0417840862504494
1,pysimp,0.075,3000,0.019173788578094247,0.013206947973406932,0.9341712239583333,0.033118264206539655,0.9301155714392662,0.041290434877587386
1,pysimp,0.08,3000,0.018679370472421047,0.013536910175731522,0.9354674479166667,0.03274656947740324,0.9306873064041138,0.04165774563974129
1,pysimp,0.1,3000,0.01690211939144254,0.011700657137348686,0.938701171875,0.031238314843841746,0.9342272900342942,0.03924306413279453
1,pysimp,0.12,3000,0.015692814149156475,0.011164892904717368,0.9414295247395833,0.030457776223334992,0.9365409508148829,0.03816841150951036
1,pysimp,0.14,3000,0.014780676793268213,0.010747609218626102,0.94352490234375,0.029594481451775442,0.938569474418958,0.037514295418865806
1,pysimp,0.15,3000,0.014407571356491294,0.011551824645146242,0.9449474283854167,0.02839958211971286,0.9389409232536952,0.03810414360011032
1,pysimp,0.16,3000,0.01404700479807793,0.0103758606086446,0.945568359375,0.028740914796801742,0.9404138536850611,0.03668002255192926
1,pysimp,0.18,3000,0.013421044576020554,0.009873049037160998,0.9473697916666667,0.027578061951131425,0.9415428022146225,0.036940110460084254
1,pysimp,0.2,3000,0.012918242575794719,0.010832529033450448,0.94883935546875,0.027041747013203533,0.9426486647327741,0.036191699801613894
1,pysimp,0.22,3000,0.0125088407391837,0.009694283684167254,0.95012841796875,0.02645567457266762,0.9440386021335919,0.03524852992109422
1,pysimp,0.24,3000,0.01213023930434909,0.009541507081049975,0.9513849283854167,0.02586749263473874,0.945074650545915,0.03488926808394382
1,pysimp,0.25,3000,0.011948619753122282,0.009469103505979772,0.9519021809895833,0.02574671475550582,0.9455439960559209,0.034660798074954036
1,pysimp,0.26,3000,0.01179748952838898,0.009413828469591882,0.9523815104166666,0.025610447731890775,0.9459389549891154,0.03451576293870065
1,pysimp,0.28,3000,0.011507005295444543,0.009405373295043172,0.95346044921875,0.02494844163714311,0.9468920810023943,0.033656199715457996
1,pysimp,0.3,3000,0.011216211040329606,0.010149884390334523,0.9544228515625,0.02463670440325185,0.9473032304445903,0.034310468048238306
1,pysimp,0.32,3000,0.010955742421831578,0.009070271877009031,0.9551433919270833,0.024710052081678157,0.9487050106922785,0.03281065101047665
1,pysimp,0.34,3000,0.010738745631766458,0.009009011765252135,0.95598681640625,0.024466590312275528,0.9494134630560875,0.03264418141884933
1,pysimp,0.36,3000,0.010521335207895947,0.00886715710827175,0.9566827799479166,0.02438210228779143,0.9501207017699878,0.032253272505036824
1,pysimp,0.38,3000,0.010318255991170446,0.008765671029395457,0.9575182291666666,0.02386613829660044,0.9506846247712771,0.031963328205179976
1,pysimp,0.4,3000,0.010179993084884044,0.009765984608788577,0.9581871744791667,0.02343197246565693,0.9509250242710113,0.032505348517399384
1,pysimp,0.42,3000,0.009983197618043001,0.008662887708543726,0.9588583984375,0.023367337700176995,0.9519028814236323,0.031312370718119334
1,pysimp,0.44,3000,0.009837216490549762,0.008620847129461411,0.95948095703125,0.0233053734057686,0.952505650738875,0.031023747511931567
1,pysimp,0.46,3000,0.009694719317039269,0.008571813369546249,0.9601476236979166,0.022909342075456352,0.9530858547886213,0.030761126631758375
1,pysimp,0.48,3000,0.009574671837928034,0.008992528913139208,0.9607159830729166,0.022642523299883335,0.9533306725621223,0.03121713163813132
1,pysimp,0.5,3000,0.009450959797832134,0.008499691265820062,0.9611492513020833,0.022649381547033946,0.9540545752843221,0.03035373164090999
1,pysimp,0.52,3000,0.00934335887589254,0.008531424948720235,0.9618185221354166,0.02215742148601996,0.9540108374754588,0.030857900835461687
1,pysimp,0.54,3000,0.00923896140686697,0.008895979054020552,0.9622314453125,0.02187504640940543,0.9548336416284243,0.03010670354028721
1,pysimp,0.56,3000,0.009142517644814944,0.008869394851652286,0.9626915690104166,0.021629563643059062,0.9552418683767319,0.029807057778988705
1,pysimp,0.58,3000,0.009049482636405882,0.008841478026115396,0.9630755208333334,0.021438938353141358,0.9556071845094363,0.02970941629644879
1,pysimp,0.6,3000,0.008964441264048169,0.008813722618277663,0.96346337890625,0.021357093564139635,0.9559699457883835,0.02955085411923497
1,pysimp,0.62,3000,0.008881051392973507,0.008788255536533366,0.9638504231770834,0.0212246166015967,0.9563683042724928,0.02923141066459709
1,pysimp,0.64,3000,0.008802312961624264,0.008765540405799407,0.9641873372395834,0.021081700426636634,0.9566694872180621,0.02902618356079054
1,pysimp,0.66,3000,0.008723071844743826,0.00872739658043543,0.9645304361979167,0.02093607092972373,0.9569489925305049,0.02878825555191039
1,pysimp,0.68,3000,0.008653022841569763,0.008696114707831404,0.96483642578125,0.0208437434366539,0.9572306727965673,0.028704531727785493
1,pysimp,0.7,3000,0.008588525132605912,0.008680615014128309,0.9650738932291667,0.02080549755366059,0.9574851146539052,0.02861037994820188
1,pysimp,0.72,3000,0.00851356791710709,0.008652000670435435,0.965388671875,0.02065396377963546,0.9577487391233445,0.028431976567277882
1,pysimp,0.74,3000,0.008438500248225513,0.007613355853393544,0.9656429036458334,0.020592942885729573,0.9578032753864925,0.028776122613068885
1,pysimp,0.76,3000,0.008377518839435601,0.00759573036611743,0.9658484700520833,0.020513442447720735,0.9580421318610509,0.02869396749111802
1,pysimp,0.78,3000,0.00831780714908377,0.00757569869103053,0.9660035807291667,0.02059548952527767,0.9583158851067225,0.028358857753464417
1,pysimp,0.8,3000,0.008261343153814426,0.007557172355778758,0.9662140299479167,0.020508371643889266,0.9585386348962783,0.028271779580177594
1,pysimp,0.82,3000,0.008208814402925733,0.007546753389470846,0.9664085286458334,0.020403906743328648,0.958808065255483,0.02801968585128595
1,pysimp,0.84,3000,0.008155807815336882,0.007524701939234524,0.9666012369791667,0.020222767337073753,0.9590115405122439,0.027896443577030243
1,pysimp,0.86,3000,0.008080212981149039,0.007439062727443872,0.9668448893229167,0.019974852282408553,0.9592155839800834,0.027731300379617917
1,pysimp,0.88,3000,0.00803409064830819,0.0074359501352921215,0.9670413411458333,0.019924681437570205,0.9593859351277352,0.02764371324571316
1,pysimp,0.9,3000,0.007981592532324866,0.007412839454456969,0.9672423502604167,0.019763274693922694,0.9595699496467909,0.027636748679366562
1,pysimp,0.92,3000,0.007935938221480027,0.007397355055863734,0.96739453125,0.01974862209862913,0.959764988899231,0.027453153971940588
1,pysimp,0.94,3000,0.00788778234795119,0.0073799235891694875,0.9675867513020834,0.019680191700548504,0.959940135717392,0.027458736509558972
1,pysimp,0.96,3000,0.007842782970983486,0.0073659651807484045,0.9677356770833333,0.019602299401477404,0.9601502079168955,0.027289982055789985
1,pysimp,0.98,3000,0.007796186554885886,0.007347689753523126,0.9679117838541667,0.01950804971312503,0.9603483968377113,0.027187519309375078
1,pysimp,1.0,3000,0.007661042874232662,0.005124357576986456,0.9679763997395834,0.019412827266552756,0.9608462911049525,0.026351722206473638
2,sketchkeras,0.0,3000,0.09938730899896468,0.05445749945154434,0.87879736328125,0.03771540131936506,0.9003930097222328,0.04170236522670391
2,sketchkeras,0.01,3000,0.0484237607993418,0.028515143794138217,0.9078914388020833,0.035227951692368614,0.9228694505294164,0.037694617298325725
2,sketchkeras,0.02,3000,0.035817886099064056,0.02113272149156141,0.9214571940104167,0.033823131877332865,0.9313789473176003,0.035983864393421404
2,sketchkeras,0.03,3000,0.02979428897662239,0.01890761400579454,0.9296277669270834,0.03183611622565983,0.9366883015036583,0.034252324280566564
2,sketchkeras,0.04,3000,0.025849486304485813,0.01714997424818942,0.93574560546875,0.030376256386165066,0.9402959570288658,0.033503403365232075
2,sketchkeras,0.05,3000,0.023118527957277014,0.0155551501157907,0.9402666015625,0.028927009630507795,0.9433061334888141,0.03309085462040481
2,sketchkeras,0.06,3000,0.02120017755815444,0.014822388281479706,0.94337353515625,0.028168076492803354,0.9458539326786994,0.0320199621419176
2,sketchkeras,0.075,3000,0.019042381911228052,0.013693501700645178,0.9472078450520833,0.026807991451186564,0.9485200577179591,0.031414659662956625
2,sketchkeras,0.08,3000,0.018482856496974467,0.01411332157939892,0.9479422200520833,0.026874034727720143,0.9489068462649981,0.03166364649543902
2,sketchkeras,0.1,3000,0.01668105092609762,0.012752857628371956,0.9515148111979167,0.02540893690214852,0.952054189880689,0.029804691270430957
2,sketchkeras,0.12,3000,0.015413772288321775,0.012265593743299151,0.9541468098958333,0.024690291380312004,0.9540570978124936,0.02879503719549152
2,sketchkeras,0.14,3000,0.014425107661867467,0.011909298645303993,0.9559933268229167,0.023876185375920716,0.9556298844218254,0.02875850088678496
2,sketchkeras,0.15,3000,0.014020236644738617,0.012497692568451705,0.957033203125,0.023403307636695403,0.9560874045292537,0.02897666320936512
2,sketchkeras,0.16,3000,0.013682689522354196,0.011619103776580578,0.9576951497395834,0.02341144690525016,0.9569165140390397,0.02820945810150219
2,sketchkeras,0.18,3000,0.013067289258120535,0.011402944620502582,0.9590257161458333,0.022889522343380868,0.9580961886246999,0.027355862246864125
2,sketchkeras,0.2,3000,0.012555367156785555,0.012013546828184743,0.96040087890625,0.02186965451317147,0.9591239421367646,0.027267921074798043
2,sketchkeras,0.22,3000,0.012111386082173898,0.011002706858884815,0.961400390625,0.02172385778050314,0.9600740808844567,0.02647152361545908
2,sketchkeras,0.24,3000,0.011750031020569875,0.010884546830141777,0.9622672526041667,0.02145459695711856,0.9607345836758614,0.026165181833242363
2,sketchkeras,0.25,3000,0.011578015362727406,0.010828867145871645,0.96271337890625,0.021208422281094406,0.9610740613937377,0.026065140184301925
2,sketchkeras,0.26,3000,0.011435285669014122,0.0111913351254544,0.9630123697916667,0.021041690092758747,0.9615218042929967,0.02546658241346722
2,sketchkeras,0.28,3000,0.011140241588077771,0.010691694239875257,0.963841796875,0.0206001992231299,0.9622480540076892,0.025317551044197813
2,sketchkeras,0.3,3000,0.010884081705938973,0.011424360195165937,0.9644915364583333,0.02044209877854664,0.9628918669422467,0.02544005838799618
2,sketchkeras,0.34,3000,0.010410252917984763,0.010415722279128741,0.9656842447916667,0.01996055716211445,0.9640200848778089,0.02427841883338693
2,sketchkeras,0.36,3000,0.01021259065368208,0.01030325608067289,0.9660890299479167,0.019848134793904012,0.9645373480121294,0.024021842423959928
2,sketchkeras,0.38,3000,0.010027933966368389,0.010231560521654573,0.9666422526041667,0.019591076551712275,0.9650098235408465,0.023765381119862455
2,sketchkeras,0.4,3000,0.009897395645132393,0.011089550465573935,0.9671767578125,0.019231429639101644,0.9653927281896273,0.024067502308035508
2,sketchkeras,0.42,3000,0.009721576786697016,0.010143172178679088,0.9675045572916666,0.019326714188939456,0.9658564143776893,0.023320304860712723
2,sketchkeras,0.44,3000,0.009581308640229156,0.01010164478243979,0.9678600260416667,0.01915540614484541,0.9661699511011441,0.023116390962506197
2,sketchkeras,0.46,3000,0.009459638988075263,0.01007358221541338,0.96829296875,0.019039379625363395,0.9665120544433594,0.022996747096222677
2,sketchkeras,0.48,3000,0.009345077318255741,0.010455975518939755,0.96869775390625,0.01865261203641538,0.9668864198128382,0.023024875640818322
2,sketchkeras,0.5,3000,0.009238459670023633,0.009991783992704834,0.96885791015625,0.018930212379475828,0.967110095957915,0.022799095182384287
2,sketchkeras,0.52,3000,0.009126274459180373,0.0103790670933565,0.9693292643229167,0.01839069141690097,0.9675835859974226,0.022293581081190193
2,sketchkeras,0.54,3000,0.009035481690079856,0.010355669180095358,0.9696236979166667,0.018284493421535496,0.9678523201743762,0.022326185932441112
2,sketchkeras,0.56,3000,0.00894894029906325,0.010336653896610083,0.969890625,0.01813412095592896,0.9681453830003739,0.022163159542391217
2,sketchkeras,0.58,3000,0.008863605561472117,0.010309021204960814,0.9700861002604166,0.018137187560302793,0.9684206868608792,0.02208420375272762
2,sketchkeras,0.6,3000,0.008784432406614796,0.010288187158973151,0.9703251953125,0.018053794208817284,0.9686418273846309,0.022002171311687323
2,sketchkeras,0.62,3000,0.008706722462782588,0.010267849860205274,0.9705563151041666,0.01795953851865161,0.9688286244869232,0.021967282680270223
2,sketchkeras,0.64,3000,0.008635004416360314,0.010244138864540378,0.9707530924479166,0.017929613767821616,0.9690573247273763,0.02176234586182641
2,sketchkeras,0.66,3000,0.00856114004199233,0.010219748468517266,0.9710017903645833,0.017706933781279546,0.9692561993598938,0.02168402762917993
2,sketchkeras,0.68,3000,0.008495914289223293,0.010194045347570615,0.9711798502604166,0.017636120973013942,0.9694319444497427,0.021623208115547528
2,sketchkeras,0.7,3000,0.008431438049359663,0.010171525350845678,0.97137158203125,0.017544391159655538,0.9696568781733513,0.021524977495441956
2,sketchkeras,0.72,3000,0.008369800718132512,0.01014950896305584,0.9715105794270833,0.01748535887294314,0.9698375783165296,0.021353410223508375
2,sketchkeras,0.74,3000,0.00831393826880953,0.009311585416434783,0.9715144856770833,0.01770778007524222,0.9697501803636551,0.02154727886073245
2,sketchkeras,0.76,3000,0.008255858673714053,0.009290279914460544,0.9716861979166667,0.017541175775027725,0.9699258347153663,0.021482798042445912
2,sketchkeras,0.78,3000,0.008194859758252229,0.009264439968788275,0.9718025716145834,0.017461586218126914,0.9700843192537626,0.02143670666495508
2,sketchkeras,0.8,3000,0.008137281517886197,0.009239011011574256,0.9719513346354167,0.017395617639957634,0.970232855518659,0.021320225330790542
2,sketchkeras,0.82,3000,0.008081833278624447,0.009211561778635342,0.97209423828125,0.017447474999149618,0.9703748915990194,0.02114056192113486
2,sketchkeras,0.84,3000,0.008032409263192626,0.009192043445750453,0.9722501627604166,0.01731825585665157,0.9704898512760798,0.021143822212270767
2,sketchkeras,0.86,3000,0.007964628611361402,0.009142396902490689,0.9723712565104167,0.017272361270041947,0.970607041656971,0.021081643245982
2,sketchkeras,0.88,3000,0.007917912687407757,0.009127921541745099,0.9725081380208334,0.017224221291513932,0.9707131108442942,0.021095107875196875
2,sketchkeras,0.9,3000,0.007868106998541964,0.0091002047371911,0.9726650390625,0.017153988717730415,0.9708245465159416,0.021048051296540256
2,sketchkeras,0.92,3000,0.007819827752866888,0.00907835624546176,0.9727732747395833,0.01709862808862925,0.9709302639961243,0.021018328334444867
2,sketchkeras,0.94,3000,0.007770696912135414,0.0090518715078358,0.9728779296875,0.017019228526559564,0.9710804006258646,0.0209223163911545
2,sketchkeras,0.96,3000,0.007724570825307891,0.009023090822554659,0.9729677734375,0.017065636688000645,0.9711882612307866,0.02079619885792495
2,sketchkeras,0.98,3000,0.007681496903804702,0.009003276355169263,0.9730978190104167,0.01701670566586207,0.9713410834868749,0.02076019133102623
2,sketchkeras,1.0,3000,0.007535214950398415,0.007332503193075554,0.9733006184895834,0.01666374287877,0.971593307753404,0.020172322941183894
